audit_tags,code,expire_date,fill_reason,order_id,parameter_set_id,setup_id,signal_date,status,tail_path
[],000630,2025-10-29,CANCEL_OPEN_ABOVE_BUY_ZONE,s6order-63b6824ba541af820ed8,s6ps-302e3a382d956a99,s6setup-610080e5ba770bebdb5b,2025-10-24,CANCELLED,ORIGINAL
[],000630,2025-10-30,CANCEL_OPEN_ABOVE_BUY_ZONE,s6order-3a29799500da91cf4ad6,s6ps-302e3a382d956a99,s6setup-60d6fd6b2c2cbebf8e4f,2025-10-27,CANCELLED,ORIGINAL
[],000766,2025-07-04,FILLED_FROZEN_PLAN,s6order-d7f7bad1d5e9a5c32990,s6ps-302e3a382d956a99,s6setup-abc124a8ca7cf046a1b1,2025-07-01,FILLED,BOX
[],000777,2024-05-16,CANCEL_OPEN_ABOVE_BUY_ZONE,s6order-49ad4c6a560603b6f700,s6ps-302e3a382d956a99,s6setup-e8d29abdf82f10859d35,2024-05-13,CANCELLED,ORIGINAL
[],000829,2024-11-19,CANCEL_OPEN_ABOVE_BUY_ZONE,s6order-895d2a7d5e02b9def08b,s6ps-302e3a382d956a99,s6setup-085cfe806f3931768d77,2024-11-14,CANCELLED,ORIGINAL
[],000859,2025-06-12,FILLED_FROZEN_PLAN,s6order-43ae3c3cf77f524a5e72,s6ps-302e3a382d956a99,s6setup-828e8f580919d0182d35,2025-06-09,FILLED,ORIGINAL
[],000887,2025-09-16,CANCEL_OPEN_ABOVE_BUY_ZONE,s6order-666cf2be429f8e813023,s6ps-302e3a382d956a99,s6setup-713d8c6af9bd6e72126e,2025-09-11,CANCELLED,ORIGINAL
[],000901,2025-09-02,FILLED_FROZEN_PLAN,s6order-eb4d27e0551b72ed2168,s6ps-302e3a382d956a99,s6setup-a5af3481b58184abfee7,2025-08-28,FILLED,ORIGINAL
[],000932,2025-08-13,CANCEL_OPEN_ABOVE_BUY_ZONE,s6order-7c18c4b99b5bcb833c26,s6ps-302e3a382d956a99,s6setup-e112473ba7fccbb736ed,2025-08-08,CANCELLED,ORIGINAL
[],000948,2025-03-14,FILLED_FROZEN_PLAN,s6order-308860ff467954540db7,s6ps-302e3a382d956a99,s6setup-f3248b6185008172b7e7,2025-03-11,FILLED,ORIGINAL
[],000989,2025-08-06,FILLED_FROZEN_PLAN,s6order-6e4b334abd246ee6d904,s6ps-302e3a382d956a99,s6setup-d71494a0ad33658203ce,2025-08-01,FILLED,BOX
[],001267,2025-12-31,FILLED_FROZEN_PLAN,s6order-01dd71c13e9bd5ad04af,s6ps-302e3a382d956a99,s6setup-f78ca79d8d4e27cb2f00,2025-12-29,FILLED,ORIGINAL
[],001267,2025-12-31,CANCEL_OPEN_ABOVE_BUY_ZONE,s6order-058dfc795a72bf1c3675,s6ps-302e3a382d956a99,s6setup-2846269beb9f105e010e,2025-12-30,CANCELLED,ORIGINAL
[],002036,2025-03-10,FILLED_FROZEN_PLAN,s6order-fc8eaa92df8867a84bf9,s6ps-302e3a382d956a99,s6setup-cfc0e0c32a83cacd1e5f,2025-03-05,FILLED,BOX
[],002048,2025-07-29,CANCEL_OPEN_ABOVE_BUY_ZONE,s6order-93c23243af10ac325c1c,s6ps-302e3a382d956a99,s6setup-c9efe14f5628e491f37c,2025-07-24,CANCELLED,ORIGINAL
[],002062,2025-09-18,CANCEL_OPEN_ABOVE_BUY_ZONE,s6order-0cd9c57260ea88972591,s6ps-302e3a382d956a99,s6setup-84f992301aabeed207c7,2025-09-15,CANCELLED,ORIGINAL
[],002121,2025-08-06,CANCEL_OPEN_ABOVE_BUY_ZONE,s6order-6172866f204f7c9e6e01,s6ps-302e3a382d956a99,s6setup-7c504b256b2719dc9fca,2025-08-01,CANCELLED,ORIGINAL
[],002145,2025-09-19,CANCEL_OPEN_ABOVE_BUY_ZONE,s6order-f705feeb1edcd26e6516,s6ps-302e3a382d956a99,s6setup-210435759717121ea6b4,2025-09-16,CANCELLED,ORIGINAL
[],002156,2025-10-29,CANCEL_OPEN_ABOVE_BUY_ZONE,s6order-ba37db00144f9c8b5d6b,s6ps-302e3a382d956a99,s6setup-7509cf0e7b3aea892a22,2025-10-24,CANCELLED,ORIGINAL
[],002167,2025-08-12,CANCEL_OPEN_ABOVE_BUY_ZONE,s6order-56483034be3f54bc3bcf,s6ps-302e3a382d956a99,s6setup-2db78dd56c59ceb70947,2025-08-07,CANCELLED,ORIGINAL
[],002171,2025-11-14,CANCEL_OPEN_ABOVE_BUY_ZONE,s6order-b09f099355e714aea663,s6ps-302e3a382d956a99,s6setup-d1f1a0f12a210c1396a4,2025-11-11,CANCELLED,BOX
[],002176,2025-10-13,CANCEL_OPEN_ABOVE_BUY_ZONE,s6order-16a92757d36398616963,s6ps-302e3a382d956a99,s6setup-6b6ff969af11dd8937ab,2025-09-30,CANCELLED,ORIGINAL
[],002210,2025-10-22,CANCEL_OPEN_ABOVE_BUY_ZONE,s6order-8f8c53db8f8a3c4139da,s6ps-302e3a382d956a99,s6setup-bac184aad9eefd2901f1,2025-10-17,CANCELLED,ORIGINAL
[],002212,2025-09-17,CANCEL_OPEN_ABOVE_BUY_ZONE,s6order-50059ab2603cbc809b81,s6ps-302e3a382d956a99,s6setup-cb666c3d507700d54e8c,2025-09-12,CANCELLED,ORIGINAL
[],002215,2025-06-20,FILLED_FROZEN_PLAN,s6order-4aae94d2d1b9928c776d,s6ps-302e3a382d956a99,s6setup-20e2233bacc25d90b400,2025-06-17,FILLED,BOX
[],002281,2024-11-22,CANCEL_OPEN_ABOVE_BUY_ZONE,s6order-e453ac69c0ea3c634bd1,s6ps-302e3a382d956a99,s6setup-e1af045107ab081f5b6e,2024-11-19,CANCELLED,BOX
[],002281,2024-11-26,CANCEL_OPEN_ABOVE_BUY_ZONE,s6order-f6d41e00911444e2f016,s6ps-302e3a382d956a99,s6setup-245f99defd9d51049930,2024-11-21,CANCELLED,BOX
[],002317,2025-07-04,FILLED_FROZEN_PLAN,s6order-36daf90ae60cf53f317b,s6ps-302e3a382d956a99,s6setup-7cf3aadef71694a02d4f,2025-07-01,FILLED,ORIGINAL
[],002317,2025-08-28,CANCEL_OPEN_ABOVE_BUY_ZONE,s6order-6139365139df7717a1f6,s6ps-302e3a382d956a99,s6setup-2f5966cf9ce30dd20437,2025-08-25,CANCELLED,ORIGINAL
[],002353,2025-12-31,CANCEL_OPEN_ABOVE_BUY_ZONE,s6order-87cd2df550186cc14396,s6ps-302e3a382d956a99,s6setup-8c89163300bc48ea7bb0,2025-12-30,CANCELLED,ORIGINAL
[],002378,2025-09-17,FILLED_FROZEN_PLAN,s6order-5d214887bb7c37614d4d,s6ps-302e3a382d956a99,s6setup-e2515f2775c8754d2421,2025-09-12,FILLED,ORIGINAL
[],002402,2025-09-16,CANCEL_OPEN_ABOVE_BUY_ZONE,s6order-5d791c53fc4b2903561b,s6ps-302e3a382d956a99,s6setup-447f05a2400ce6a8ad6b,2025-09-11,CANCELLED,ORIGINAL
[],002402,2025-09-18,CANCEL_OPEN_ABOVE_BUY_ZONE,s6order-f8d3a2186f6ce2fd3b0e,s6ps-302e3a382d956a99,s6setup-7a35fbe30b6d0a0780fc,2025-09-15,CANCELLED,ORIGINAL
[],002414,2025-03-21,FILLED_FROZEN_PLAN,s6order-b55e06dd344b8f00d7d7,s6ps-302e3a382d956a99,s6setup-7d36dc8c30d797baef44,2025-03-18,FILLED,ORIGINAL
[],002414,2025-03-24,FILLED_FROZEN_PLAN,s6order-ed90f6eae6dcb031bf6e,s6ps-302e3a382d956a99,s6setup-55801ea87be00e1031d2,2025-03-19,FILLED,BOTH
[],002422,2025-04-24,CANCEL_OPEN_ABOVE_BUY_ZONE,s6order-4ca29c91d019a3c13f52,s6ps-302e3a382d956a99,s6setup-66b94f4616fa6ea3f91b,2025-04-21,CANCELLED,BOX
[],002428,2025-09-15,FILLED_FROZEN_PLAN,s6order-d6cab4b9aae2fe79d5ea,s6ps-302e3a382d956a99,s6setup-dc2887ba620b0c0442bf,2025-09-10,FILLED,BOX
[],002436,2025-10-14,CANCEL_OPEN_ABOVE_BUY_ZONE,s6order-efa1863242ff980512c2,s6ps-302e3a382d956a99,s6setup-9184b86d837f642a3fcd,2025-10-09,CANCELLED,BOX
[],002437,2025-08-20,CANCEL_OPEN_ABOVE_BUY_ZONE,s6order-b47282811aabf70d12b9,s6ps-302e3a382d956a99,s6setup-5cd362618eef230808f9,2025-08-15,CANCELLED,BOTH
[],002460,2025-10-30,CANCEL_OPEN_ABOVE_BUY_ZONE,s6order-9a2b86ab25f5976f38e9,s6ps-302e3a382d956a99,s6setup-fc2b601a741cdb0f5198,2025-10-27,CANCELLED,ORIGINAL
[],002460,2025-10-31,CANCEL_OPEN_ABOVE_BUY_ZONE,s6order-b00b716d3579fc52bb9a,s6ps-302e3a382d956a99,s6setup-12759454df13e708e003,2025-10-28,CANCELLED,ORIGINAL
[],002463,2024-07-08,CANCEL_OPEN_ABOVE_BUY_ZONE,s6order-b632fd606c68ab83f928,s6ps-302e3a382d956a99,s6setup-a100668ae0bf578c2456,2024-07-03,CANCELLED,ORIGINAL
[],002463,2024-07-09,CANCEL_OPEN_ABOVE_BUY_ZONE,s6order-a3fc860066ad9a74bd15,s6ps-302e3a382d956a99,s6setup-a6b9bfb7d90d767907cc,2024-07-04,CANCELLED,ORIGINAL
[],002463,2024-07-10,CANCEL_OPEN_ABOVE_BUY_ZONE,s6order-8da52b984650441fd052,s6ps-302e3a382d956a99,s6setup-327ff8dafd7f674c6624,2024-07-05,CANCELLED,ORIGINAL
[],002517,2025-03-18,CANCEL_OPEN_ABOVE_BUY_ZONE,s6order-cc5ec9e55e3b20eec3a6,s6ps-302e3a382d956a99,s6setup-decc06c290baaafbe6eb,2025-03-13,CANCELLED,ORIGINAL
[],002518,2025-03-13,FILLED_FROZEN_PLAN,s6order-af004aa66db10ba6b83a,s6ps-302e3a382d956a99,s6setup-f206f39667a370bf3be5,2025-03-10,FILLED,ORIGINAL
[],002518,2025-03-14,CANCEL_OPEN_ABOVE_BUY_ZONE,s6order-f763df3b3032cf4aafa5,s6ps-302e3a382d956a99,s6setup-58aeda02f28fac9886d9,2025-03-11,CANCELLED,ORIGINAL
[],002518,2025-10-21,CANCEL_OPEN_ABOVE_BUY_ZONE,s6order-b184d3654a5f9ea79ea7,s6ps-302e3a382d956a99,s6setup-738120e21d1a406dc0b5,2025-10-16,CANCELLED,ORIGINAL
[],002600,2024-11-13,FILLED_FROZEN_PLAN,s6order-a7772ca9ac538bba0357,s6ps-302e3a382d956a99,s6setup-683787f79104f8ee2e19,2024-11-08,FILLED,ORIGINAL
[],002600,2025-09-16,CANCEL_OPEN_ABOVE_BUY_ZONE,s6order-d15ece4c1729547e6448,s6ps-302e3a382d956a99,s6setup-c5587c5f55ff4960ddc4,2025-09-11,CANCELLED,ORIGINAL
[],002624,2025-10-13,CANCEL_OPEN_ABOVE_BUY_ZONE,s6order-73f81c640881cac6c5c3,s6ps-302e3a382d956a99,s6setup-2b606ffabaaa9ff1a22b,2025-09-30,CANCELLED,ORIGINAL
[],002664,2025-09-17,CANCEL_OPEN_ABOVE_BUY_ZONE,s6order-527da1c024e60b3a92c0,s6ps-302e3a382d956a99,s6setup-24cdf0717c0aac441538,2025-09-12,CANCELLED,ORIGINAL
[],002716,2025-08-07,CANCEL_OPEN_ABOVE_BUY_ZONE,s6order-0062418fd02158cebc9b,s6ps-302e3a382d956a99,s6setup-f3c82aa895561e3aa7ff,2025-08-04,CANCELLED,BOX
[],002736,2025-08-13,CANCEL_OPEN_ABOVE_BUY_ZONE,s6order-fed9fc10bd597e234a78,s6ps-302e3a382d956a99,s6setup-724e38e336024378a96e,2025-08-08,CANCELLED,ORIGINAL
[],002736,2025-08-15,CANCEL_OPEN_ABOVE_BUY_ZONE,s6order-ba7dac0d4412262503d4,s6ps-302e3a382d956a99,s6setup-a1382f7b4997a9bbeffb,2025-08-12,CANCELLED,ORIGINAL
[],002916,2025-10-13,CANCEL_OPEN_ABOVE_BUY_ZONE,s6order-f954709744e4142a2498,s6ps-302e3a382d956a99,s6setup-7072f9809b8d96a7c643,2025-09-30,CANCELLED,ORIGINAL
[],002941,2025-11-04,FILLED_FROZEN_PLAN,s6order-982b43e8360e1b088e60,s6ps-302e3a382d956a99,s6setup-73d70090197f3069d26a,2025-10-30,FILLED,ORIGINAL
[],002941,2025-11-06,FILLED_FROZEN_PLAN,s6order-71d34b86c85b42f326d8,s6ps-302e3a382d956a99,s6setup-62af70ba5de083ee7e01,2025-11-03,FILLED,BOTH
[],003021,2025-10-14,CANCEL_OPEN_ABOVE_BUY_ZONE,s6order-a8b2ae755573f2b7630f,s6ps-302e3a382d956a99,s6setup-eca32ec6c0c56d8591fe,2025-10-09,CANCELLED,BOX
[],300007,2025-10-14,CANCEL_OPEN_ABOVE_BUY_ZONE,s6order-79a6c6272e46818305b9,s6ps-302e3a382d956a99,s6setup-4f7fa1af5e31b7da1c19,2025-10-09,CANCELLED,BOX
[],300008,2024-11-18,CANCEL_OPEN_ABOVE_BUY_ZONE,s6order-31276c2ed1ea29cdd383,s6ps-302e3a382d956a99,s6setup-6690c342fe613eb7b44d,2024-11-13,CANCELLED,ORIGINAL
[],300009,2025-08-26,CANCEL_OPEN_ABOVE_BUY_ZONE,s6order-5a7cdd1203d8485f8401,s6ps-302e3a382d956a99,s6setup-e822d252fbe929dbab7c,2025-08-21,CANCELLED,ORIGINAL
[],300035,2025-09-25,CANCEL_OPEN_ABOVE_BUY_ZONE,s6order-4a78ec9272ec991906aa,s6ps-302e3a382d956a99,s6setup-05c1b4d829f66812bd4e,2025-09-22,CANCELLED,ORIGINAL
[],300043,2025-07-03,CANCEL_OPEN_ABOVE_BUY_ZONE,s6order-830abf5a04ef91b2917e,s6ps-302e3a382d956a99,s6setup-f6a7f5890555cf3a6d76,2025-06-30,CANCELLED,ORIGINAL
[],300046,2024-11-15,FILLED_FROZEN_PLAN,s6order-2213da2d4392a35665cb,s6ps-302e3a382d956a99,s6setup-4ee0f91abc09748a3b6f,2024-11-12,FILLED,ORIGINAL
[],300061,2024-11-14,FILLED_FROZEN_PLAN,s6order-b0579cbce07075b05fbb,s6ps-302e3a382d956a99,s6setup-166d94d3f45b24a04b1b,2024-11-11,FILLED,ORIGINAL
[],300073,2025-10-22,CANCEL_OPEN_ABOVE_BUY_ZONE,s6order-298034e637e31d156aed,s6ps-302e3a382d956a99,s6setup-f26aeeecb60678db0151,2025-10-17,CANCELLED,ORIGINAL
[],300073,2025-10-24,CANCEL_OPEN_ABOVE_BUY_ZONE,s6order-00db2fbf854d3c64bd7a,s6ps-302e3a382d956a99,s6setup-20517d0e7a512fd83e92,2025-10-21,CANCELLED,ORIGINAL
[],300073,2025-10-27,FILLED_FROZEN_PLAN,s6order-6ad4542622a1a12ae68a,s6ps-302e3a382d956a99,s6setup-d208a8e11d95f348db2a,2025-10-22,FILLED,ORIGINAL
[],300102,2024-11-18,FILLED_FROZEN_PLAN,s6order-d4ab45dc0b33c3e93128,s6ps-302e3a382d956a99,s6setup-64c56353c66588956681,2024-11-13,FILLED,BOTH
[],300113,2025-09-16,CANCEL_OPEN_ABOVE_BUY_ZONE,s6order-5dbc7a4ce921d1c92ec9,s6ps-302e3a382d956a99,s6setup-2bdb659c51bf25a58422,2025-09-11,CANCELLED,ORIGINAL
[],300199,2025-07-02,FILLED_FROZEN_PLAN,s6order-7a59359da1e4db84c5fc,s6ps-302e3a382d956a99,s6setup-4384ae59e6ffa750c3f4,2025-06-27,FILLED,ORIGINAL
[],300222,2025-09-16,CANCEL_OPEN_ABOVE_BUY_ZONE,s6order-3aaa6308b01e78f46f51,s6ps-302e3a382d956a99,s6setup-7d64507a6b65588788f2,2025-09-11,CANCELLED,ORIGINAL
[],300284,2024-11-14,CANCEL_OPEN_ABOVE_BUY_ZONE,s6order-6a96efd41d4a00c4be71,s6ps-302e3a382d956a99,s6setup-c755ba4efb03e1e282b2,2024-11-11,CANCELLED,ORIGINAL
[],300293,2024-11-01,FILLED_FROZEN_PLAN,s6order-e4dd528f72ea578c8876,s6ps-302e3a382d956a99,s6setup-9bd84923404891e10b11,2024-10-29,FILLED,BOX
[],300293,2024-11-04,CANCEL_OPEN_ABOVE_BUY_ZONE,s6order-49a9c86356a4d547ed0a,s6ps-302e3a382d956a99,s6setup-2f57feeea609bcb0e16b,2024-10-30,CANCELLED,BOX
[],300299,2025-07-02,CANCEL_OPEN_ABOVE_BUY_ZONE,s6order-06841231e72ecdcb9f08,s6ps-302e3a382d956a99,s6setup-fe57ace2f3bd9f89704c,2025-06-27,CANCELLED,ORIGINAL
[],300303,2024-11-13,CANCEL_OPEN_ABOVE_BUY_ZONE,s6order-67a74a20ccc332232b9d,s6ps-302e3a382d956a99,s6setup-4930ebc2b9e9c1dd40f4,2024-11-08,CANCELLED,ORIGINAL
[],300307,2025-03-11,CANCEL_OPEN_ABOVE_BUY_ZONE,s6order-501abc58c27d7a64b7c9,s6ps-302e3a382d956a99,s6setup-2387ba19ecaba5e68a3b,2025-03-06,CANCELLED,ORIGINAL
[],300307,2025-03-17,FILLED_FROZEN_PLAN,s6order-983fa82046c26735541b,s6ps-302e3a382d956a99,s6setup-94288502943025be722a,2025-03-12,FILLED,BOX
[],300308,2025-11-13,CANCEL_OPEN_ABOVE_BUY_ZONE,s6order-65f933df02285b6d4d98,s6ps-302e3a382d956a99,s6setup-bb457b8452bbc54ea160,2025-11-10,CANCELLED,ORIGINAL
[],300370,2024-12-24,CANCEL_OPEN_ABOVE_BUY_ZONE,s6order-0c27747dd69ede1b1b60,s6ps-302e3a382d956a99,s6setup-407f2bb2aee712d9378a,2024-12-19,CANCELLED,BOX
[],300386,2025-07-10,CANCEL_OPEN_ABOVE_BUY_ZONE,s6order-3816cf69e88a780b3983,s6ps-302e3a382d956a99,s6setup-3cbfa8d687c8a76f1b76,2025-07-07,CANCELLED,BOX
[],300394,2024-03-28,CANCEL_OPEN_ABOVE_BUY_ZONE,s6order-017fd574bb51de5e97ce,s6ps-302e3a382d956a99,s6setup-7d5bf3d40ebbc7c16552,2024-03-25,CANCELLED,ORIGINAL
[],300400,2025-09-03,CANCEL_OPEN_ABOVE_BUY_ZONE,s6order-39bfe00a8ac7ec43c0a8,s6ps-302e3a382d956a99,s6setup-16a4b6b6a28ff6f89b9c,2025-08-29,CANCELLED,ORIGINAL
[],300433,2024-11-05,CANCEL_OPEN_ABOVE_BUY_ZONE,s6order-55fba21479c71b827cd8,s6ps-302e3a382d956a99,s6setup-ce55436529fac87c0148,2024-10-31,CANCELLED,ORIGINAL
[],300433,2025-02-19,CANCEL_OPEN_ABOVE_BUY_ZONE,s6order-904d409f18f5c5709be2,s6ps-302e3a382d956a99,s6setup-b1a326fa67f7088075e9,2025-02-14,CANCELLED,ORIGINAL
[],300433,2025-02-20,CANCEL_OPEN_ABOVE_BUY_ZONE,s6order-64d872d93efcc1d8c4f2,s6ps-302e3a382d956a99,s6setup-16a6ed90139735e94b62,2025-02-17,CANCELLED,ORIGINAL
[],300433,2025-02-25,CANCEL_OPEN_ABOVE_BUY_ZONE,s6order-ae30c5a298098350b133,s6ps-302e3a382d956a99,s6setup-1cb2d12993de1176da44,2025-02-20,CANCELLED,BOX
[],300450,2025-07-14,FILLED_FROZEN_PLAN,s6order-c3f58320be13d26ccf9c,s6ps-302e3a382d956a99,s6setup-adf6c601c300982c2d25,2025-07-09,FILLED,BOX
[],300450,2025-07-15,CANCEL_OPEN_ABOVE_BUY_ZONE,s6order-a207e665dd979049fb99,s6ps-302e3a382d956a99,s6setup-8edb434a42da7c81c7d1,2025-07-10,CANCELLED,BOX
[],300457,2025-07-11,CANCEL_OPEN_ABOVE_BUY_ZONE,s6order-89a492fbe7466ab514c9,s6ps-302e3a382d956a99,s6setup-299bd8ef7828db0ae0df,2025-07-08,CANCELLED,BOX
[],300465,2025-09-18,CANCEL_OPEN_ABOVE_BUY_ZONE,s6order-ec72a9dbcd7efa97f3d2,s6ps-302e3a382d956a99,s6setup-61c5d78719f9d5af5af6,2025-09-15,CANCELLED,BOX
[],300465,2025-09-23,CANCEL_OPEN_ABOVE_BUY_ZONE,s6order-b1b038676323df24f512,s6ps-302e3a382d956a99,s6setup-f5b3da7578ea5fcbc3c4,2025-09-18,CANCELLED,BOX
[],300476,2025-08-12,CANCEL_OPEN_ABOVE_BUY_ZONE,s6order-b714c79fa89dcec0bc6a,s6ps-302e3a382d956a99,s6setup-695d294d52c6c572436b,2025-08-07,CANCELLED,ORIGINAL
[],300502,2025-08-12,CANCEL_OPEN_ABOVE_BUY_ZONE,s6order-b5331b5c2029260c79c9,s6ps-302e3a382d956a99,s6setup-8b8605ce917d1a57ea59,2025-08-07,CANCELLED,ORIGINAL
[],300502,2025-12-30,CANCEL_OPEN_ABOVE_BUY_ZONE,s6order-702b6569be19cec204f7,s6ps-302e3a382d956a99,s6setup-d0756c36d764792175ea,2025-12-25,CANCELLED,ORIGINAL
[],300502,2025-12-31,CANCEL_OPEN_ABOVE_BUY_ZONE,s6order-170d2094b8e0fc1c52ad,s6ps-302e3a382d956a99,s6setup-ca599d86b768b8b09c65,2025-12-29,CANCELLED,BOX
[],300502,2025-12-31,CANCEL_OPEN_ABOVE_BUY_ZONE,s6order-0125fdfd75612937476d,s6ps-302e3a382d956a99,s6setup-48005534497e2d6e8304,2025-12-30,CANCELLED,BOX
[],300503,2025-09-16,CANCEL_OPEN_ABOVE_BUY_ZONE,s6order-25340605bcafda51c7d9,s6ps-302e3a382d956a99,s6setup-83baf6f8bf2de5845022,2025-09-11,CANCELLED,ORIGINAL
[],300503,2025-09-17,CANCEL_OPEN_ABOVE_BUY_ZONE,s6order-d0227250f61bd0ec9e86,s6ps-302e3a382d956a99,s6setup-71e6a8ae446a1b7428f2,2025-09-12,CANCELLED,ORIGINAL
[],300503,2025-09-18,CANCEL_OPEN_ABOVE_BUY_ZONE,s6order-3b04a3b0abab439d113a,s6ps-302e3a382d956a99,s6setup-dee8f20edaf2344d5bc5,2025-09-15,CANCELLED,ORIGINAL
[],300600,2025-08-28,FILLED_FROZEN_PLAN,s6order-cb208e84f39b6d78cb7f,s6ps-302e3a382d956a99,s6setup-505fdc69398e03985840,2025-08-25,FILLED,BOX
[],300603,2025-03-11,FILLED_FROZEN_PLAN,s6order-f7d8f3e0ee07c0f361c2,s6ps-302e3a382d956a99,s6setup-e4b882cc76f264f60fa3,2025-03-06,FILLED,BOX
[],300604,2025-09-19,CANCEL_OPEN_ABOVE_BUY_ZONE,s6order-6e642e06a7084dbafd49,s6ps-302e3a382d956a99,s6setup-541f126d80173b7eb722,2025-09-16,CANCELLED,ORIGINAL
[],300660,2024-12-26,CANCEL_OPEN_ABOVE_BUY_ZONE,s6order-788c8c556021dc6ec612,s6ps-302e3a382d956a99,s6setup-04ef634a8a882f10d1b6,2024-12-23,CANCELLED,BOX
[],300660,2025-10-14,CANCEL_OPEN_ABOVE_BUY_ZONE,s6order-e8552ed677f6b2482c6a,s6ps-302e3a382d956a99,s6setup-a11bf98400a3d53aea17,2025-10-09,CANCELLED,BOX
[],300677,2025-08-28,CANCEL_OPEN_ABOVE_BUY_ZONE,s6order-3a8c9130b2388605bb34,s6ps-302e3a382d956a99,s6setup-df4ae981180f5c5a8c07,2025-08-25,CANCELLED,ORIGINAL
[],300708,2025-01-27,FILLED_FROZEN_PLAN,s6order-e9e4c39653758c71c1ce,s6ps-302e3a382d956a99,s6setup-01d20fc7b95e50754f8f,2025-01-22,FILLED,ORIGINAL
[],300723,2025-05-09,CANCEL_OPEN_ABOVE_BUY_ZONE,s6order-0d4b2df4c079d0374210,s6ps-302e3a382d956a99,s6setup-9e030ba86f6a41585748,2025-05-06,CANCELLED,ORIGINAL
[],300748,2025-08-11,CANCEL_OPEN_ABOVE_BUY_ZONE,s6order-fc78228f7a23b9aa0a78,s6ps-302e3a382d956a99,s6setup-9975ce350760b02d6940,2025-08-06,CANCELLED,BOX
[],300773,2025-07-14,CANCEL_OPEN_ABOVE_BUY_ZONE,s6order-b6329989e48cc25c61b9,s6ps-302e3a382d956a99,s6setup-0015f29d48d62fab711c,2025-07-09,CANCELLED,ORIGINAL
[],300777,2025-03-26,CANCEL_OPEN_ABOVE_BUY_ZONE,s6order-360354173472fb00e6c1,s6ps-302e3a382d956a99,s6setup-87dda88ed4214ac5df61,2025-03-21,CANCELLED,BOX
[],300781,2024-04-03,CANCEL_OPEN_ABOVE_BUY_ZONE,s6order-de9215947ff182a70ee5,s6ps-302e3a382d956a99,s6setup-bdd91fa3f1e6124eddaa,2024-03-29,CANCELLED,ORIGINAL
[],300835,2025-08-19,CANCEL_OPEN_ABOVE_BUY_ZONE,s6order-58cdeef9e6ebae9b8543,s6ps-302e3a382d956a99,s6setup-b0a60c0236cc6bfea072,2025-08-14,CANCELLED,ORIGINAL
[],300843,2025-09-16,CANCEL_OPEN_ABOVE_BUY_ZONE,s6order-b7947c93c46b42b786af,s6ps-302e3a382d956a99,s6setup-995f64e13e0855c4b091,2025-09-11,CANCELLED,ORIGINAL
[],300953,2025-10-09,CANCEL_OPEN_ABOVE_BUY_ZONE,s6order-fd18fc0adf3f6765b821,s6ps-302e3a382d956a99,s6setup-bf1a166b947700592e95,2025-09-26,CANCELLED,ORIGINAL
[],300996,2025-02-28,CANCEL_OPEN_ABOVE_BUY_ZONE,s6order-1a27797d3c1e8a812db0,s6ps-302e3a382d956a99,s6setup-ff32c26aba8602316103,2025-02-25,CANCELLED,BOTH
[],301095,2025-09-04,CANCEL_OPEN_ABOVE_BUY_ZONE,s6order-2e0086516dd488020e5b,s6ps-302e3a382d956a99,s6setup-ec4268cdb3ff4d155204,2025-09-01,CANCELLED,ORIGINAL
[],301165,2025-09-16,FILLED_FROZEN_PLAN,s6order-725994056bb9ad8794a1,s6ps-302e3a382d956a99,s6setup-a76a106f1fdb7676fc87,2025-09-11,FILLED,ORIGINAL
[],301200,2025-11-14,FILLED_FROZEN_PLAN,s6order-4363005a382fce0167a5,s6ps-302e3a382d956a99,s6setup-2c4bbb328f5078d10720,2025-11-11,FILLED,BOX
[],301200,2025-11-17,CANCEL_OPEN_ABOVE_BUY_ZONE,s6order-922f161696e624c1bc27,s6ps-302e3a382d956a99,s6setup-e89e8ef7f5aab306db03,2025-11-12,CANCELLED,BOX
[],301200,2025-11-18,FILLED_FROZEN_PLAN,s6order-637877fa81dab5124afb,s6ps-302e3a382d956a99,s6setup-92817d821589cb844253,2025-11-13,FILLED,BOTH
[],600010,2025-08-18,FILLED_FROZEN_PLAN,s6order-3e6f41e01a44d7756cc5,s6ps-302e3a382d956a99,s6setup-4fe377f3079b4d40efa0,2025-08-13,FILLED,ORIGINAL
[],600095,2025-07-23,CANCEL_OPEN_ABOVE_BUY_ZONE,s6order-82f5d374eb01aa102081,s6ps-302e3a382d956a99,s6setup-21040c4922a0387c99a7,2025-07-18,CANCELLED,ORIGINAL
[],600095,2025-07-25,CANCEL_OPEN_ABOVE_BUY_ZONE,s6order-742a3e5bfd60f28063b4,s6ps-302e3a382d956a99,s6setup-74fefce957072eeb69d6,2025-07-22,CANCELLED,ORIGINAL
[],600105,2025-06-20,CANCEL_OPEN_ABOVE_BUY_ZONE,s6order-55fdc9b3d97dee03abc0,s6ps-302e3a382d956a99,s6setup-c3731ceba7c31c7b38ea,2025-06-17,CANCELLED,ORIGINAL
[],600105,2025-09-19,CANCEL_OPEN_ABOVE_BUY_ZONE,s6order-04e681a8f1e686705868,s6ps-302e3a382d956a99,s6setup-4e2ff7195ca6da5970e7,2025-09-16,CANCELLED,ORIGINAL
[],600111,2025-08-20,CANCEL_OPEN_ABOVE_BUY_ZONE,s6order-70e33ef413972ddede91,s6ps-302e3a382d956a99,s6setup-dda159bacb87212a4c9d,2025-08-15,CANCELLED,ORIGINAL
[],600113,2025-09-15,CANCEL_OPEN_ABOVE_BUY_ZONE,s6order-8104832ccb8b76d293b6,s6ps-302e3a382d956a99,s6setup-916872a47211c5f1a806,2025-09-10,CANCELLED,BOX
[],600114,2025-10-14,CANCEL_OPEN_ABOVE_BUY_ZONE,s6order-71b929721e3ad0e9114e,s6ps-302e3a382d956a99,s6setup-188dd61e30dad51706d0,2025-10-09,CANCELLED,BOX
[],600160,2024-05-20,CANCEL_OPEN_ABOVE_BUY_ZONE,s6order-da4b306c205dcb0393f6,s6ps-302e3a382d956a99,s6setup-7dae58f95b6b4d9a735a,2024-05-15,CANCELLED,ORIGINAL
[],600160,2025-09-16,CANCEL_OPEN_ABOVE_BUY_ZONE,s6order-c4def205e1ed177d6521,s6ps-302e3a382d956a99,s6setup-b0259ab1b9fdadabdfcf,2025-09-11,CANCELLED,ORIGINAL
[],600178,2025-07-17,FILLED_FROZEN_PLAN,s6order-f21f93c50d884ee795cc,s6ps-302e3a382d956a99,s6setup-c856df5ef579bf7f6ea2,2025-07-14,FILLED,BOX
[],600183,2025-02-18,CANCEL_OPEN_ABOVE_BUY_ZONE,s6order-58f0a0da9c24afd91cff,s6ps-302e3a382d956a99,s6setup-832823a398861e1e8df8,2025-02-13,CANCELLED,ORIGINAL
[],600208,2025-09-08,CANCEL_OPEN_ABOVE_BUY_ZONE,s6order-d21d06e95bc27516f0f0,s6ps-302e3a382d956a99,s6setup-0ae7fb503de1b253a957,2025-09-03,CANCELLED,ORIGINAL
[],600353,2025-07-02,CANCEL_OPEN_ABOVE_BUY_ZONE,s6order-e352909f5f7702c00d25,s6ps-302e3a382d956a99,s6setup-1209f91c97eda70c79f0,2025-06-27,CANCELLED,ORIGINAL
[],600489,2025-10-13,CANCEL_OPEN_ABOVE_BUY_ZONE,s6order-ccd0a115f7df9770715c,s6ps-302e3a382d956a99,s6setup-f519bf7469a11980a0d5,2025-09-30,CANCELLED,ORIGINAL
[],600550,2025-06-13,FILLED_FROZEN_PLAN,s6order-ad4cc656b309a76e4787,s6ps-302e3a382d956a99,s6setup-ecc960741dc6a8eb306d,2025-06-10,FILLED,ORIGINAL
[],600570,2025-07-22,CANCEL_OPEN_ABOVE_BUY_ZONE,s6order-da6a441bad4a4e981384,s6ps-302e3a382d956a99,s6setup-55b2b162e36dd510d64d,2025-07-17,CANCELLED,ORIGINAL
[],600601,2024-11-13,CANCEL_OPEN_ABOVE_BUY_ZONE,s6order-9efac43906fa89f47d24,s6ps-302e3a382d956a99,s6setup-f281673e62393686c537,2024-11-08,CANCELLED,ORIGINAL
[],600601,2024-11-14,CANCEL_OPEN_ABOVE_BUY_ZONE,s6order-5cb0276f72fbeda976c4,s6ps-302e3a382d956a99,s6setup-9ceee340b76fb6f56b7d,2024-11-11,CANCELLED,ORIGINAL
[],600601,2025-02-17,CANCEL_OPEN_ABOVE_BUY_ZONE,s6order-08fecb845e08c6a6f8c7,s6ps-302e3a382d956a99,s6setup-cc1d51b929d535beb3b2,2025-02-12,CANCELLED,ORIGINAL
[],600660,2025-09-16,CANCEL_OPEN_ABOVE_BUY_ZONE,s6order-e5815b4d840bdab6a317,s6ps-302e3a382d956a99,s6setup-8285309b61cb1f1643c8,2025-09-11,CANCELLED,ORIGINAL
[],600660,2025-09-18,CANCEL_OPEN_ABOVE_BUY_ZONE,s6order-0c663ba9b6e40fd6a2db,s6ps-302e3a382d956a99,s6setup-0784bce82fb7730e36a7,2025-09-15,CANCELLED,ORIGINAL
[],600660,2025-09-19,CANCEL_OPEN_ABOVE_BUY_ZONE,s6order-56e1b040768f72879c02,s6ps-302e3a382d956a99,s6setup-f8a342e56ca147e8e7cb,2025-09-16,CANCELLED,BOTH
[],600660,2025-09-22,CANCEL_OPEN_ABOVE_BUY_ZONE,s6order-aef57744ea7c710779af,s6ps-302e3a382d956a99,s6setup-8f823c12a7c6507cfb0b,2025-09-17,CANCELLED,ORIGINAL
[],600666,2025-07-22,CANCEL_OPEN_ABOVE_BUY_ZONE,s6order-47bb50c0146936e1e115,s6ps-302e3a382d956a99,s6setup-4a1258ac2843d19b3f32,2025-07-17,CANCELLED,BOTH
[],600698,2025-08-01,CANCEL_OPEN_ABOVE_BUY_ZONE,s6order-bb87854483a3e5b44d2e,s6ps-302e3a382d956a99,s6setup-6a8846c7107802b3a390,2025-07-29,CANCELLED,ORIGINAL
[],600751,2025-08-08,CANCEL_OPEN_ABOVE_BUY_ZONE,s6order-2ce7d8bde5c13d5c3a97,s6ps-302e3a382d956a99,s6setup-a46c6810f1291caf8dfa,2025-08-05,CANCELLED,ORIGINAL
[],600776,2024-12-16,CANCEL_OPEN_ABOVE_BUY_ZONE,s6order-769899c08da4766ccc76,s6ps-302e3a382d956a99,s6setup-a21102938a02a54b941a,2024-12-11,CANCELLED,ORIGINAL
[],600875,2025-08-13,CANCEL_OPEN_ABOVE_BUY_ZONE,s6order-954974e4a6703fab5797,s6ps-302e3a382d956a99,s6setup-5331b4669b1d851cef77,2025-08-08,CANCELLED,ORIGINAL
[],600875,2025-08-14,FILLED_FROZEN_PLAN,s6order-e3ec61c2af2e41046921,s6ps-302e3a382d956a99,s6setup-fdc17521e378be474b4a,2025-08-11,FILLED,ORIGINAL
[],600887,2025-04-23,CANCEL_OPEN_ABOVE_BUY_ZONE,s6order-a5748502081e6e0ab72d,s6ps-302e3a382d956a99,s6setup-f296dfc9ec3dc9491c7a,2025-04-18,CANCELLED,BOTH
[],600990,2024-11-14,CANCEL_OPEN_ABOVE_BUY_ZONE,s6order-38e8b4173376e699f462,s6ps-302e3a382d956a99,s6setup-f60a3a82f18a788290ae,2024-11-11,CANCELLED,ORIGINAL
[],601138,2025-10-14,CANCEL_OPEN_ABOVE_BUY_ZONE,s6order-32ce9169d9d77ef954a2,s6ps-302e3a382d956a99,s6setup-549b8b40985a235e30cd,2025-10-09,CANCELLED,ORIGINAL
[],601162,2025-07-24,CANCEL_OPEN_ABOVE_BUY_ZONE,s6order-9e9c5f0b0a5fe6f86920,s6ps-302e3a382d956a99,s6setup-d38b0f68ca0e92fc6098,2025-07-21,CANCELLED,BOX
[],601168,2024-04-08,CANCEL_OPEN_ABOVE_BUY_ZONE,s6order-c37cac037ffd79cd650e,s6ps-302e3a382d956a99,s6setup-ce8f204fe71670cd5a45,2024-04-01,CANCELLED,ORIGINAL
[],601212,2025-11-05,FILLED_FROZEN_PLAN,s6order-bdb3082c10e1f7cee77e,s6ps-302e3a382d956a99,s6setup-913c0c634718e28e471d,2025-10-31,FILLED,ORIGINAL
[],601601,2025-06-16,CANCEL_OPEN_ABOVE_BUY_ZONE,s6order-7c4387f04d13dd65257d,s6ps-302e3a382d956a99,s6setup-0f330a1dbec3f2101293,2025-06-11,CANCELLED,ORIGINAL
[],601615,2024-12-17,CANCEL_OPEN_ABOVE_BUY_ZONE,s6order-c2fdd84baea1c7405b08,s6ps-302e3a382d956a99,s6setup-8d97ee6c589ea1ecf708,2024-12-12,CANCELLED,ORIGINAL
[],601728,2025-03-12,CANCEL_OPEN_ABOVE_BUY_ZONE,s6order-728286aecd9fcf7cae75,s6ps-302e3a382d956a99,s6setup-9b818eb34f63f34de8af,2025-03-07,CANCELLED,ORIGINAL
[],601899,2025-11-03,CANCEL_OPEN_ABOVE_BUY_ZONE,s6order-1f4f2ed3189e344c1171,s6ps-302e3a382d956a99,s6setup-4558a4761f57a6ac7229,2025-10-29,CANCELLED,ORIGINAL
[],601899,2025-11-04,CANCEL_OPEN_ABOVE_BUY_ZONE,s6order-ec36397631160617fcc7,s6ps-302e3a382d956a99,s6setup-adbe496cc119f94392ee,2025-10-30,CANCELLED,ORIGINAL
[],603005,2025-03-10,CANCEL_OPEN_ABOVE_BUY_ZONE,s6order-c7c2d96a754e03d92153,s6ps-302e3a382d956a99,s6setup-fb99a9ea9bf6c482cf37,2025-03-05,CANCELLED,BOX
[],603099,2024-11-27,FILLED_FROZEN_PLAN,s6order-b7d2923b4e124fc6c65c,s6ps-302e3a382d956a99,s6setup-d245c07d3f6641955e81,2024-11-22,FILLED,ORIGINAL
[],603099,2024-11-28,CANCEL_OPEN_ABOVE_BUY_ZONE,s6order-fe05fbe78dcdb6d43c67,s6ps-302e3a382d956a99,s6setup-f5596be19bb7272c4656,2024-11-25,CANCELLED,ORIGINAL
[],603119,2025-10-13,FILLED_FROZEN_PLAN,s6order-63e3a19a0cbe9806959b,s6ps-302e3a382d956a99,s6setup-c5ff5044c6a383480dae,2025-09-30,FILLED,BOTH
[],603228,2025-07-30,CANCEL_OPEN_ABOVE_BUY_ZONE,s6order-c8746050726b366d6b24,s6ps-302e3a382d956a99,s6setup-377dd51ceb9e33db7063,2025-07-25,CANCELLED,ORIGINAL
[],603236,2025-01-17,CANCEL_OPEN_ABOVE_BUY_ZONE,s6order-49caba490bd8244b79dd,s6ps-302e3a382d956a99,s6setup-cb35c81b3631ddf2e355,2025-01-14,CANCELLED,ORIGINAL
[],603308,2025-10-14,CANCEL_OPEN_ABOVE_BUY_ZONE,s6order-1bd0d3f08bfa54558d21,s6ps-302e3a382d956a99,s6setup-eb3d08c4e6d4e02cf9b9,2025-10-09,CANCELLED,ORIGINAL
[],603308,2025-10-15,CANCEL_OPEN_ABOVE_BUY_ZONE,s6order-2dc085ba2e941503035a,s6ps-302e3a382d956a99,s6setup-6bf102eefcbf962310f2,2025-10-10,CANCELLED,ORIGINAL
[],603319,2025-09-17,CANCEL_OPEN_ABOVE_BUY_ZONE,s6order-2283379dfaf5a8acbcba,s6ps-302e3a382d956a99,s6setup-7c753eb5e838c5c1b4af,2025-09-12,CANCELLED,ORIGINAL
[],603319,2025-09-30,CANCEL_OPEN_ABOVE_BUY_ZONE,s6order-068b070df90608194536,s6ps-302e3a382d956a99,s6setup-bd368923a209cc5ec5e1,2025-09-25,CANCELLED,ORIGINAL
[],603319,2025-10-09,CANCEL_OPEN_ABOVE_BUY_ZONE,s6order-c31bcf4d3a180d75b5b3,s6ps-302e3a382d956a99,s6setup-8faad389ffec920102ce,2025-09-26,CANCELLED,ORIGINAL
[],603319,2025-10-10,CANCEL_OPEN_ABOVE_BUY_ZONE,s6order-e917893c4c991ec8763f,s6ps-302e3a382d956a99,s6setup-8e5ebc79909a2668e31d,2025-09-29,CANCELLED,ORIGINAL
[],603444,2025-08-15,CANCEL_OPEN_ABOVE_BUY_ZONE,s6order-4f41c10255c540fbd9e2,s6ps-302e3a382d956a99,s6setup-5495057d612d3532c841,2025-08-12,CANCELLED,ORIGINAL
[],603486,2025-08-15,CANCEL_OPEN_ABOVE_BUY_ZONE,s6order-afc1c861f2ee331d103f,s6ps-302e3a382d956a99,s6setup-47bc24e67bfced45806f,2025-08-12,CANCELLED,ORIGINAL
[],603486,2025-08-18,CANCEL_OPEN_ABOVE_BUY_ZONE,s6order-4ae9e3e2b060d3a13107,s6ps-302e3a382d956a99,s6setup-7cb2740adf4186f9bc90,2025-08-13,CANCELLED,ORIGINAL
[],603486,2025-08-21,CANCEL_OPEN_ABOVE_BUY_ZONE,s6order-75c022298f924ff1473f,s6ps-302e3a382d956a99,s6setup-470f43d1726fab973716,2025-08-18,CANCELLED,ORIGINAL
[],603501,2025-03-12,FILLED_FROZEN_PLAN,s6order-b5f3acc27261c4219725,s6ps-302e3a382d956a99,s6setup-0b555cec13fe91beb6ed,2025-03-07,FILLED,ORIGINAL
[],603678,2025-04-09,CANCEL_OPEN_BELOW_BUY_ZONE,s6order-b80d83ede3290dbbd9fc,s6ps-302e3a382d956a99,s6setup-0707341a6311eb0bf27a,2025-04-03,CANCELLED,BOTH
[],603799,2025-10-30,CANCEL_OPEN_ABOVE_BUY_ZONE,s6order-03e36837b85447fac425,s6ps-302e3a382d956a99,s6setup-f4a73e8daf7c760d46ae,2025-10-27,CANCELLED,ORIGINAL
[],603915,2025-03-14,CANCEL_OPEN_ABOVE_BUY_ZONE,s6order-d80c6a4151aec4300af5,s6ps-302e3a382d956a99,s6setup-8fc91de2db375d7df05d,2025-03-11,CANCELLED,ORIGINAL
[],603993,2025-08-15,CANCEL_OPEN_ABOVE_BUY_ZONE,s6order-a7c774cb7e5ca3da6522,s6ps-302e3a382d956a99,s6setup-b480475ca9ae290a0c96,2025-08-12,CANCELLED,ORIGINAL
[],605499,2025-04-29,CANCEL_OPEN_ABOVE_BUY_ZONE,s6order-6d4940bd885ea66582b8,s6ps-302e3a382d956a99,s6setup-1e6fb867e4a661eb38f0,2025-04-24,CANCELLED,ORIGINAL
[],688017,2025-10-09,CANCEL_OPEN_ABOVE_BUY_ZONE,s6order-4466938918b20edaef33,s6ps-302e3a382d956a99,s6setup-189ea6a6729a40bd49bb,2025-09-26,CANCELLED,ORIGINAL
[],688017,2025-10-10,CANCEL_OPEN_ABOVE_BUY_ZONE,s6order-e80769ab7b8cb43b7730,s6ps-302e3a382d956a99,s6setup-9d111190e8139d1e611b,2025-09-29,CANCELLED,ORIGINAL
[],688017,2025-10-14,CANCEL_OPEN_ABOVE_BUY_ZONE,s6order-e004c139f04c3fa8e744,s6ps-302e3a382d956a99,s6setup-7a3c8cafe5d006caa7a2,2025-10-09,CANCELLED,BOTH
[],688025,2025-07-07,CANCEL_OPEN_ABOVE_BUY_ZONE,s6order-137b8985d578a80e8a2e,s6ps-302e3a382d956a99,s6setup-4f0d676d8bb899de0d6f,2025-07-02,CANCELLED,ORIGINAL
[],688025,2025-07-09,CANCEL_OPEN_ABOVE_BUY_ZONE,s6order-537e53519bd23195ca3d,s6ps-302e3a382d956a99,s6setup-7892563db74ba9ed7d92,2025-07-04,CANCELLED,ORIGINAL
[],688025,2025-07-14,CANCEL_OPEN_ABOVE_BUY_ZONE,s6order-13d9290b5fedb0573f38,s6ps-302e3a382d956a99,s6setup-6a8f92c8c3e079110360,2025-07-09,CANCELLED,ORIGINAL
[],688027,2024-12-05,CANCEL_OPEN_ABOVE_BUY_ZONE,s6order-d8ffcbf9e9f9dfce18eb,s6ps-302e3a382d956a99,s6setup-28dc9dc46012c05dfcc6,2024-12-02,CANCELLED,ORIGINAL
[],688027,2024-12-06,CANCEL_OPEN_ABOVE_BUY_ZONE,s6order-758e6d4e77ebe011f529,s6ps-302e3a382d956a99,s6setup-cc6c31f79103fda91a9f,2024-12-03,CANCELLED,ORIGINAL
[],688039,2025-08-29,CANCEL_OPEN_ABOVE_BUY_ZONE,s6order-2f1f9a0ab8992bc624c9,s6ps-302e3a382d956a99,s6setup-9e6ddd2545f2a677b516,2025-08-26,CANCELLED,ORIGINAL
[],688063,2025-09-19,CANCEL_OPEN_ABOVE_BUY_ZONE,s6order-a06c8daa03b57f9c82e7,s6ps-302e3a382d956a99,s6setup-6fd60e456ad516bcb45b,2025-09-16,CANCELLED,ORIGINAL
[],688099,2025-09-17,CANCEL_OPEN_ABOVE_BUY_ZONE,s6order-8c3e694a8171aa2b6fee,s6ps-302e3a382d956a99,s6setup-b92348116496ea5d1a8a,2025-09-12,CANCELLED,ORIGINAL
[],688102,2025-04-24,CANCEL_OPEN_ABOVE_BUY_ZONE,s6order-58daf96ee965fe3b2cc5,s6ps-302e3a382d956a99,s6setup-e2fc1f7443301d4f15f4,2025-04-21,CANCELLED,ORIGINAL
[],688102,2025-05-06,CANCEL_OPEN_ABOVE_BUY_ZONE,s6order-163a0035403431cdd036,s6ps-302e3a382d956a99,s6setup-bcdc3dc5e5cdb23d6983,2025-04-28,CANCELLED,BOX
[],688112,2025-05-22,CANCEL_OPEN_ABOVE_BUY_ZONE,s6order-5f63be54fef4538d6b98,s6ps-302e3a382d956a99,s6setup-c3b371a5cfa2af5c5827,2025-05-19,CANCELLED,BOX
[],688116,2024-12-09,CANCEL_OPEN_ABOVE_BUY_ZONE,s6order-e39c16b00aba6f13e9aa,s6ps-302e3a382d956a99,s6setup-ae1919e95f7b3d37f2ad,2024-12-04,CANCELLED,ORIGINAL
[],688116,2025-03-21,FILLED_FROZEN_PLAN,s6order-dab1a10cacfdc27affaf,s6ps-302e3a382d956a99,s6setup-f3f4c3e098a92dd7a8a7,2025-03-18,FILLED,ORIGINAL
[],688116,2025-09-30,CANCEL_OPEN_ABOVE_BUY_ZONE,s6order-fd20ea4636567f92e0c5,s6ps-302e3a382d956a99,s6setup-cecb0529ee0f187d6279,2025-09-25,CANCELLED,ORIGINAL
[],688117,2025-05-16,CANCEL_OPEN_ABOVE_BUY_ZONE,s6order-4a2c5ddaffed195cf850,s6ps-302e3a382d956a99,s6setup-9678a5f9fa5442fd8ab9,2025-05-13,CANCELLED,ORIGINAL
[],688117,2025-06-05,CANCEL_OPEN_ABOVE_BUY_ZONE,s6order-d399a018d4541d61e448,s6ps-302e3a382d956a99,s6setup-8b26e317d36dc1fa1ac0,2025-05-30,CANCELLED,ORIGINAL
[],688118,2025-08-21,CANCEL_OPEN_ABOVE_BUY_ZONE,s6order-9cb444a543d52080f8d6,s6ps-302e3a382d956a99,s6setup-f8b35f436168d576f964,2025-08-18,CANCELLED,ORIGINAL
[],688123,2025-10-28,CANCEL_OPEN_ABOVE_BUY_ZONE,s6order-23b3d09f5b11b26910ab,s6ps-302e3a382d956a99,s6setup-35d5e77f613b779650c5,2025-10-23,CANCELLED,ORIGINAL
[],688125,2025-11-12,CANCEL_OPEN_ABOVE_BUY_ZONE,s6order-d103753c91327ea4d6ed,s6ps-302e3a382d956a99,s6setup-a911b5e2dba1837ced26,2025-11-07,CANCELLED,ORIGINAL
[],688125,2025-11-14,CANCEL_OPEN_ABOVE_BUY_ZONE,s6order-86675793ced77bae24c7,s6ps-302e3a382d956a99,s6setup-41957ab49826a5b8b323,2025-11-11,CANCELLED,ORIGINAL
[],688125,2025-11-17,CANCEL_OPEN_ABOVE_BUY_ZONE,s6order-1d7724074be799a3433e,s6ps-302e3a382d956a99,s6setup-7c9b0f8419a801ba3ede,2025-11-12,CANCELLED,ORIGINAL
[],688131,2025-10-09,CANCEL_OPEN_ABOVE_BUY_ZONE,s6order-13ad67697598ada771fe,s6ps-302e3a382d956a99,s6setup-de8a35130200259e121c,2025-09-26,CANCELLED,ORIGINAL
[],688137,2025-08-12,CANCEL_OPEN_ABOVE_BUY_ZONE,s6order-d41562a8c450dc7bfdfc,s6ps-302e3a382d956a99,s6setup-5e7049409b8c845d4e75,2025-08-07,CANCELLED,ORIGINAL
[],688141,2025-09-22,CANCEL_OPEN_ABOVE_BUY_ZONE,s6order-7095e55f821de7eed0f5,s6ps-302e3a382d956a99,s6setup-1533be6620f7e49b28f6,2025-09-17,CANCELLED,ORIGINAL
[],688141,2025-10-15,CANCEL_OPEN_ABOVE_BUY_ZONE,s6order-5de038af036a00e9fcb5,s6ps-302e3a382d956a99,s6setup-d99495f4fea50eef5e83,2025-10-10,CANCELLED,BOX
[],688141,2025-10-16,CANCEL_OPEN_ABOVE_BUY_ZONE,s6order-325fc79e6a4901195dd4,s6ps-302e3a382d956a99,s6setup-3cd169f2df8338164e66,2025-10-13,CANCELLED,BOX
[],688146,2025-09-04,CANCEL_OPEN_ABOVE_BUY_ZONE,s6order-88af0d33cb74924fb763,s6ps-302e3a382d956a99,s6setup-c824dd1450fd60c3bd7e,2025-09-01,CANCELLED,ORIGINAL
[],688156,2025-08-13,CANCEL_OPEN_ABOVE_BUY_ZONE,s6order-4bf15955894956eb6479,s6ps-302e3a382d956a99,s6setup-835c1ae9238a4f6d6a1a,2025-08-08,CANCELLED,ORIGINAL
[],688163,2025-08-21,CANCEL_OPEN_ABOVE_BUY_ZONE,s6order-4eff5766edbcbd0089fb,s6ps-302e3a382d956a99,s6setup-5ed925011de066dfabcf,2025-08-18,CANCELLED,BOX
[],688166,2025-08-18,CANCEL_OPEN_ABOVE_BUY_ZONE,s6order-5c62c70505addae7e61c,s6ps-302e3a382d956a99,s6setup-df352508616249798887,2025-08-13,CANCELLED,ORIGINAL
[],688166,2025-08-21,CANCEL_OPEN_ABOVE_BUY_ZONE,s6order-b1c3ab617ac5c497968b,s6ps-302e3a382d956a99,s6setup-1ba8ec72547c8be5ac80,2025-08-18,CANCELLED,ORIGINAL
[],688166,2025-08-22,CANCEL_OPEN_ABOVE_BUY_ZONE,s6order-7d37f9ea7a4c9f61c13c,s6ps-302e3a382d956a99,s6setup-5b3367285908984eeb2d,2025-08-19,CANCELLED,BOX
[],688171,2025-08-25,CANCEL_OPEN_ABOVE_BUY_ZONE,s6order-1d44e78ee475b1e804c4,s6ps-302e3a382d956a99,s6setup-c90e225c5e2722dc4d0d,2025-08-20,CANCELLED,ORIGINAL
[],688171,2025-08-26,CANCEL_OPEN_ABOVE_BUY_ZONE,s6order-17a8619b78792b49d258,s6ps-302e3a382d956a99,s6setup-52e861e84965722554cd,2025-08-21,CANCELLED,ORIGINAL
[],688185,2025-08-20,CANCEL_OPEN_ABOVE_BUY_ZONE,s6order-a18bc7bed72e3afaa40a,s6ps-302e3a382d956a99,s6setup-13fd1dfd2d0d49daee42,2025-08-15,CANCELLED,ORIGINAL
[],688185,2025-08-22,CANCEL_OPEN_ABOVE_BUY_ZONE,s6order-9cb8a035d664799b688a,s6ps-302e3a382d956a99,s6setup-e00dc485ec9874b790dc,2025-08-19,CANCELLED,ORIGINAL
[],688187,2025-10-31,CANCEL_OPEN_ABOVE_BUY_ZONE,s6order-a1ce80665b9bc54f36a5,s6ps-302e3a382d956a99,s6setup-84bd8982006a487c8bb3,2025-10-28,CANCELLED,ORIGINAL
[],688187,2025-11-03,CANCEL_OPEN_ABOVE_BUY_ZONE,s6order-e49737242b74bba2d92e,s6ps-302e3a382d956a99,s6setup-e9bbfe88efb80082032c,2025-10-29,CANCELLED,ORIGINAL
[],688196,2025-07-02,CANCEL_OPEN_ABOVE_BUY_ZONE,s6order-4241f74b8ca6a9fbf6a8,s6ps-302e3a382d956a99,s6setup-a789564ce640373e5994,2025-06-27,CANCELLED,ORIGINAL
[],688210,2025-07-16,CANCEL_OPEN_ABOVE_BUY_ZONE,s6order-5c8ecf95896754b998f6,s6ps-302e3a382d956a99,s6setup-2a28af648e2e638ec77b,2025-07-11,CANCELLED,ORIGINAL
[],688210,2025-07-18,CANCEL_OPEN_ABOVE_BUY_ZONE,s6order-ae3420b27a1ffd630765,s6ps-302e3a382d956a99,s6setup-bba46b02de0a5679405d,2025-07-15,CANCELLED,BOX
[],688222,2025-09-19,CANCEL_OPEN_ABOVE_BUY_ZONE,s6order-7ab52ea6de2e939d0d15,s6ps-302e3a382d956a99,s6setup-fea13fb2e37240674ade,2025-09-16,CANCELLED,ORIGINAL
[],688237,2025-09-18,CANCEL_OPEN_ABOVE_BUY_ZONE,s6order-88c636b8a6706c8b0902,s6ps-302e3a382d956a99,s6setup-f6c3a60a19bd043efcdf,2025-09-15,CANCELLED,ORIGINAL
[],688237,2025-09-22,CANCEL_OPEN_ABOVE_BUY_ZONE,s6order-af8220de8150e6be51d5,s6ps-302e3a382d956a99,s6setup-ff7e8396e6a0f2396c3e,2025-09-17,CANCELLED,ORIGINAL
[],688238,2025-04-24,CANCEL_OPEN_ABOVE_BUY_ZONE,s6order-12cbefa7afecad9b0a9a,s6ps-302e3a382d956a99,s6setup-fc0e0218a919e9014e52,2025-04-21,CANCELLED,ORIGINAL
[],688238,2025-04-25,CANCEL_OPEN_ABOVE_BUY_ZONE,s6order-69a80c09d3b11b62b87a,s6ps-302e3a382d956a99,s6setup-6033f18270ce4f98a9ae,2025-04-22,CANCELLED,ORIGINAL
[],688248,2025-10-27,CANCEL_OPEN_ABOVE_BUY_ZONE,s6order-133db60b2005cba2783a,s6ps-302e3a382d956a99,s6setup-36df60fd602d442c86c9,2025-10-22,CANCELLED,ORIGINAL
[],688249,2025-11-04,FILLED_FROZEN_PLAN,s6order-9693a4ca530a8e72626c,s6ps-302e3a382d956a99,s6setup-b39375be3774b91f8efb,2025-10-30,FILLED,ORIGINAL
[],688260,2025-07-28,CANCEL_OPEN_ABOVE_BUY_ZONE,s6order-b1e7464d6fe3bcda196e,s6ps-302e3a382d956a99,s6setup-d870080aa7f4b73ebf0d,2025-07-23,CANCELLED,ORIGINAL
[],688260,2025-07-29,CANCEL_OPEN_ABOVE_BUY_ZONE,s6order-cbdef62a51a33f32cf42,s6ps-302e3a382d956a99,s6setup-50c8b1672d9f17e4bc47,2025-07-24,CANCELLED,ORIGINAL
[],688261,2025-09-19,CANCEL_OPEN_ABOVE_BUY_ZONE,s6order-d4fcfbebcb6d8c78d3ab,s6ps-302e3a382d956a99,s6setup-87a6aa862ccfee27a711,2025-09-16,CANCELLED,ORIGINAL
[],688261,2025-09-23,CANCEL_OPEN_ABOVE_BUY_ZONE,s6order-f8491c0267cafc8915b8,s6ps-302e3a382d956a99,s6setup-e964c5397dd99d87135e,2025-09-18,CANCELLED,ORIGINAL
[],688265,2025-08-04,CANCEL_OPEN_ABOVE_BUY_ZONE,s6order-d83dead6b384a826d42d,s6ps-302e3a382d956a99,s6setup-280cc84c2c7d58f57f2b,2025-07-30,CANCELLED,ORIGINAL
[],688267,2025-07-15,CANCEL_OPEN_ABOVE_BUY_ZONE,s6order-9cbbaa968fc7da054582,s6ps-302e3a382d956a99,s6setup-6cd374be7a0320858639,2025-07-10,CANCELLED,ORIGINAL
[],688267,2025-07-18,CANCEL_OPEN_ABOVE_BUY_ZONE,s6order-20b5f9e35f5742954fb4,s6ps-302e3a382d956a99,s6setup-72a1dabb10b47551817a,2025-07-15,CANCELLED,BOX
[],688277,2025-03-12,CANCEL_OPEN_ABOVE_BUY_ZONE,s6order-247fe18173962d2ad14d,s6ps-302e3a382d956a99,s6setup-1dd16786b821a0c6e3f2,2025-03-07,CANCELLED,ORIGINAL
[],688278,2025-08-20,CANCEL_OPEN_ABOVE_BUY_ZONE,s6order-9559c7d8a38240ba732a,s6ps-302e3a382d956a99,s6setup-02bdc87ef3d89554e3b1,2025-08-15,CANCELLED,BOTH
[],688297,2025-06-04,FILLED_FROZEN_PLAN,s6order-213e19aa15b9a29eb929,s6ps-302e3a382d956a99,s6setup-256eae6dafac0cf97133,2025-05-29,FILLED,ORIGINAL
[],688297,2025-06-05,CANCEL_OPEN_ABOVE_BUY_ZONE,s6order-892d4eb3e4a5024ddb5b,s6ps-302e3a382d956a99,s6setup-56d22d5a5ccb271a5ab8,2025-05-30,CANCELLED,ORIGINAL
[],688313,2025-05-29,FILLED_FROZEN_PLAN,s6order-a4023265c7ed25c164e1,s6ps-302e3a382d956a99,s6setup-14605b552daa7ebd2184,2025-05-26,FILLED,BOX
[],688335,2025-08-15,CANCEL_OPEN_ABOVE_BUY_ZONE,s6order-fe71486f92557c74851e,s6ps-302e3a382d956a99,s6setup-b3656e1113c4ea2f89a9,2025-08-12,CANCELLED,ORIGINAL
[],688350,2025-08-22,CANCEL_OPEN_ABOVE_BUY_ZONE,s6order-ba4f2f5ab511eaf8bd77,s6ps-302e3a382d956a99,s6setup-2365eb46a696b5f70e20,2025-08-19,CANCELLED,ORIGINAL
[],688350,2025-08-25,CANCEL_OPEN_ABOVE_BUY_ZONE,s6order-dda4636d9650293b761b,s6ps-302e3a382d956a99,s6setup-e3d5ff60c588503bfd15,2025-08-20,CANCELLED,ORIGINAL
[],688356,2025-08-19,CANCEL_OPEN_ABOVE_BUY_ZONE,s6order-00982f7bfe51b2f18bfd,s6ps-302e3a382d956a99,s6setup-2d4ee00fc5a9c95e1e09,2025-08-14,CANCELLED,ORIGINAL
[],688359,2025-07-30,CANCEL_OPEN_ABOVE_BUY_ZONE,s6order-f9023d44a66fff809abe,s6ps-302e3a382d956a99,s6setup-589438952956ac56726d,2025-07-25,CANCELLED,ORIGINAL
[],688359,2025-08-08,CANCEL_OPEN_ABOVE_BUY_ZONE,s6order-8e65747de675e99db1c3,s6ps-302e3a382d956a99,s6setup-beec2b5d8fbc79026db7,2025-08-05,CANCELLED,ORIGINAL
[],688361,2025-10-31,CANCEL_OPEN_ABOVE_BUY_ZONE,s6order-66f9c48f09ec08857be5,s6ps-302e3a382d956a99,s6setup-156fa435e406230b0ed0,2025-10-28,CANCELLED,ORIGINAL
[],688382,2025-08-01,CANCEL_OPEN_ABOVE_BUY_ZONE,s6order-bcd5e87c266565788bf4,s6ps-302e3a382d956a99,s6setup-dd9d57d8426249cfd6f0,2025-07-29,CANCELLED,ORIGINAL
[],688382,2025-08-04,CANCEL_OPEN_ABOVE_BUY_ZONE,s6order-b37e0bef69975c524922,s6ps-302e3a382d956a99,s6setup-60835cee0f3698187eeb,2025-07-30,CANCELLED,ORIGINAL
[],688388,2025-10-09,CANCEL_OPEN_ABOVE_BUY_ZONE,s6order-d773ab4c16a1257d6662,s6ps-302e3a382d956a99,s6setup-374aba872fa4f996a037,2025-09-26,CANCELLED,ORIGINAL
[],688388,2025-10-27,CANCEL_OPEN_ABOVE_BUY_ZONE,s6order-6e6bbff92aa53b2752b9,s6ps-302e3a382d956a99,s6setup-711c59be807f5bfa2e8a,2025-10-22,CANCELLED,ORIGINAL
[],688392,2025-07-09,CANCEL_OPEN_ABOVE_BUY_ZONE,s6order-1b41dfa65560f27e407d,s6ps-302e3a382d956a99,s6setup-5d2d35e050e7118d8a42,2025-07-04,CANCELLED,ORIGINAL
[],688398,2025-07-22,CANCEL_OPEN_ABOVE_BUY_ZONE,s6order-9aacf5ac2a84356d3bd4,s6ps-302e3a382d956a99,s6setup-88a041f0ee1db2becb72,2025-07-17,CANCELLED,ORIGINAL
[],688400,2025-03-13,CANCEL_OPEN_ABOVE_BUY_ZONE,s6order-7bba3769ce61f6e95c61,s6ps-302e3a382d956a99,s6setup-c0f2706c20d86a200270,2025-03-10,CANCELLED,ORIGINAL
[],688400,2025-03-17,CANCEL_OPEN_ABOVE_BUY_ZONE,s6order-d3745f64e2197e51c26a,s6ps-302e3a382d956a99,s6setup-e30b6543c9a4f715fb66,2025-03-12,CANCELLED,ORIGINAL
[],688469,2025-10-27,FILLED_FROZEN_PLAN,s6order-b7860c9817d112a6b992,s6ps-302e3a382d956a99,s6setup-4f26f5b925788d16026b,2025-10-22,FILLED,BOX
[],688480,2025-09-18,CANCEL_OPEN_ABOVE_BUY_ZONE,s6order-708cb4464842e363db89,s6ps-302e3a382d956a99,s6setup-85cd93587da6d8b0a5fd,2025-09-15,CANCELLED,BOTH
[],688480,2025-11-04,FILLED_FROZEN_PLAN,s6order-a02964ffbd3fe3eb8982,s6ps-302e3a382d956a99,s6setup-1ee9a9afea96750fe1f1,2025-10-30,FILLED,ORIGINAL
[],688498,2025-07-17,CANCEL_OPEN_ABOVE_BUY_ZONE,s6order-4d93f894fb011dde6190,s6ps-302e3a382d956a99,s6setup-e7988503288262c6e9da,2025-07-14,CANCELLED,ORIGINAL
[],688499,2025-07-16,FILLED_FROZEN_PLAN,s6order-e095f64de6f42f3f07d9,s6ps-302e3a382d956a99,s6setup-6190d8589a34a14b2f2f,2025-07-11,FILLED,BOTH
[],688507,2025-08-26,FILLED_FROZEN_PLAN,s6order-c5a95db0b200bcecf4d6,s6ps-302e3a382d956a99,s6setup-987937c145bed8deb782,2025-08-21,FILLED,ORIGINAL
[],688510,2025-07-14,CANCEL_OPEN_ABOVE_BUY_ZONE,s6order-802c536b0a7569fec806,s6ps-302e3a382d956a99,s6setup-103acaa0f0c0a755ea06,2025-07-09,CANCELLED,BOTH
[],688511,2025-08-26,CANCEL_OPEN_ABOVE_BUY_ZONE,s6order-f486bb5151af2eb1fd0c,s6ps-302e3a382d956a99,s6setup-3e1c1be3da02ce02f7cc,2025-08-21,CANCELLED,BOTH
[],688511,2025-08-27,CANCEL_OPEN_ABOVE_BUY_ZONE,s6order-a164cde2e084c4e261f3,s6ps-302e3a382d956a99,s6setup-d9b7df7b0cf5416f1ccd,2025-08-22,CANCELLED,BOTH
[],688525,2025-10-28,CANCEL_OPEN_ABOVE_BUY_ZONE,s6order-623e7a231389768ec9ef,s6ps-302e3a382d956a99,s6setup-6c852e193ec08f89acab,2025-10-23,CANCELLED,ORIGINAL
[],688585,2025-11-28,CANCEL_OPEN_ABOVE_BUY_ZONE,s6order-f5bc5e6281bebafbbc34,s6ps-302e3a382d956a99,s6setup-d64d85a6021fcaaaa11a,2025-11-25,CANCELLED,ORIGINAL
[],688600,2025-06-27,CANCEL_OPEN_ABOVE_BUY_ZONE,s6order-4df6b27eee2b2a00fc1d,s6ps-302e3a382d956a99,s6setup-b1b55f6d7c48197fe892,2025-06-24,CANCELLED,BOX
[],688623,2025-11-20,CANCEL_OPEN_ABOVE_BUY_ZONE,s6order-fd9f9d08e3fcb0c119ad,s6ps-302e3a382d956a99,s6setup-b02fe25d69e2e2d02f08,2025-11-17,CANCELLED,ORIGINAL
[],688623,2025-12-29,CANCEL_OPEN_ABOVE_BUY_ZONE,s6order-0bef1a1b4ef1652a8949,s6ps-302e3a382d956a99,s6setup-3faa9c791e21eca18fc0,2025-12-24,CANCELLED,ORIGINAL
[],688679,2025-06-16,CANCEL_OPEN_ABOVE_BUY_ZONE,s6order-ad4f45757a893bda02bd,s6ps-302e3a382d956a99,s6setup-77e768fd3ebbb8569ea8,2025-06-11,CANCELLED,ORIGINAL
[],688718,2025-08-13,CANCEL_OPEN_ABOVE_BUY_ZONE,s6order-8e9dccbf1bd7b07ac80f,s6ps-302e3a382d956a99,s6setup-587e5aa084c9ac94571a,2025-08-08,CANCELLED,ORIGINAL
[],688767,2025-06-04,CANCEL_OPEN_ABOVE_BUY_ZONE,s6order-e86d058e23eb371d169b,s6ps-302e3a382d956a99,s6setup-ed9c8f05079f5fd0704a,2025-05-29,CANCELLED,BOTH
[],688767,2025-06-06,CANCEL_OPEN_ABOVE_BUY_ZONE,s6order-779d8a30c96dc993788d,s6ps-302e3a382d956a99,s6setup-5cc05137ab0536c8c130,2025-06-03,CANCELLED,BOX
[],688767,2025-06-09,CANCEL_OPEN_ABOVE_BUY_ZONE,s6order-150770afc13aa48ab0cb,s6ps-302e3a382d956a99,s6setup-f6bc69faac31187db8e1,2025-06-04,CANCELLED,ORIGINAL
[],688767,2025-09-08,CANCEL_OPEN_ABOVE_BUY_ZONE,s6order-7d7eadd8ac706a7270ed,s6ps-302e3a382d956a99,s6setup-d3b85c543f5689312173,2025-09-03,CANCELLED,ORIGINAL
[],688776,2025-04-24,FILLED_FROZEN_PLAN,s6order-428be53f26f20296d3c2,s6ps-302e3a382d956a99,s6setup-728245ec1e0d5447ffd8,2025-04-21,FILLED,ORIGINAL
[],688779,2025-10-13,CANCEL_OPEN_ABOVE_BUY_ZONE,s6order-e3b947240a96b0328f87,s6ps-302e3a382d956a99,s6setup-329719f11f68a21d977c,2025-09-30,CANCELLED,ORIGINAL
