box_quality_tag,box_status,candidate_type,code,commission,compact_kline_pass,entry_date,entry_price,exit_date,exit_price,exit_reason,intraday_stop_breach,net_profit,net_return,parameter_set_id,r_multiple,setup_id,signal_date,slippage,stop_loss_price,tail_path,tax,total_score,trade_id
BOX_COMPACT_READY,BOX_SUPPORT_READY,KEY_CANDIDATE,000766,10.0,True,2025-07-02,25.29527,2025-07-08,24.08589,STOP,False,-132.191664,-0.05225944,s6ps-302e3a382d956a99,-1.020341,s6setup-abc124a8ca7cf046a1b1,2025-07-01,0.049381,24.11,BOX,1.2536759999999998,78,s6trade-f742845e691fded005cb
NONE,BOX_FORMING,KEY_CANDIDATE,000859,10.0,False,2025-06-10,7.57757,2025-06-11,6.993,STOP,False,-68.821218,-0.09082228,s6ps-302e3a382d956a99,-1.01212,s6setup-828e8f580919d0182d35,2025-06-09,0.014571,7.0,ORIGINAL,0.364221,78,s6trade-63be38f111904b1e68f8
NONE,BOX_FORMING,KEY_CANDIDATE,000901,10.0,False,2025-08-29,18.4184,2025-09-03,17.00298,STOP,False,-152.427566,-0.08275831,s6ps-302e3a382d956a99,-1.012171,s6setup-a5af3481b58184abfee7,2025-08-28,0.035421,17.02,ORIGINAL,0.8855700000000001,78,s6trade-cb8a1361f953552652f7
NONE,BOX_FORMING,KEY_CANDIDATE,000948,10.0,False,2025-03-12,20.2202,2025-03-17,19.20078,STOP,False,-112.941464,-0.05585576,s6ps-302e3a382d956a99,-1.019216,s6setup-f3248b6185008172b7e7,2025-03-11,0.039421,19.22,ORIGINAL,0.99946,76,s6trade-1ec9a0c9c97aeaf7ff02
BOX_COMPACT_READY,BOX_SUPPORT_READY,KEY_CANDIDATE,000989,10.0,True,2025-08-04,11.224213,2025-09-01,10.991997,MAX_HOLDING,False,-33.793412,-0.0301076,s6ps-302e3a382d956a99,-0.366148,s6setup-d71494a0ad33658203ce,2025-08-01,0.022216,10.59,BOX,0.571816,76,s6trade-7ce0bbb35f48dd57edc4
NONE,BOX_FORMING,KEY_CANDIDATE,001267,10.0,False,2025-12-30,21.278257,2025-12-31,21.815163,MAX_HOLDING,False,42.556748,0.02000011,s6ps-302e3a382d956a99,0.448072,s6setup-f78ca79d8d4e27cb2f00,2025-12-29,0.043093,20.08,ORIGINAL,1.133851,86,s6trade-4951aa0e22d09ae0b773
NONE,BOX_SUPPORT_READY,WATCH_CANDIDATE,002036,10.0,False,2025-03-06,12.89288,2025-03-21,12.11787,STOP,False,-88.131898,-0.06835703,s6ps-302e3a382d956a99,-1.0159,s6setup-cfc0e0c32a83cacd1e5f,2025-03-05,0.025011,12.13,BOX,0.630905,75,s6trade-dec435858e75d75f767f
NONE,BOX_SUPPORT_READY,KEY_CANDIDATE,002215,10.0,False,2025-06-18,10.73072,2025-06-19,10.27971,STOP,False,-55.635993,-0.0518474,s6ps-302e3a382d956a99,-1.023348,s6setup-20e2233bacc25d90b400,2025-06-17,0.02101,10.29,BOX,0.534995,80,s6trade-efa9e2fa84ae89308558
NONE,BOX_FORMING,WATCH_CANDIDATE,002317,10.0,False,2025-07-02,15.40539,2025-07-29,18.96102,TARGET,False,344.580585,0.22367534,s6ps-302e3a382d956a99,4.36065,s6setup-7cf3aadef71694a02d4f,2025-07-01,0.034366,14.59,ORIGINAL,0.982417,76,s6trade-639c75d89dfc597de0e5
NONE,BOX_FORMING,KEY_CANDIDATE,002378,10.0,False,2025-09-15,13.39338,2025-09-18,12.17781,STOP,False,-132.191469,-0.09869911,s6ps-302e3a382d956a99,-1.01013,s6setup-e2515f2775c8754d2421,2025-09-12,0.025571,12.19,ORIGINAL,0.634462,81,s6trade-1f8c5d7521f1d23a3eca
NONE,BOX_FORMING,WATCH_CANDIDATE,002414,10.0,True,2025-03-19,8.41841,2025-03-24,8.0919,STOP,False,-43.072104,-0.05116418,s6ps-302e3a382d956a99,-1.025439,s6setup-7d36dc8c30d797baef44,2025-03-18,0.01651,8.1,ORIGINAL,0.421105,90,s6trade-845044da96b2339c5963
BOX_COMPACT_READY,BOX_STABLE,WATCH_CANDIDATE,002414,10.0,True,2025-03-20,8.4084,2025-03-24,8.08191,STOP,False,-43.069582,-0.05122209,s6ps-302e3a382d956a99,-1.025408,s6setup-55801ea87be00e1031d2,2025-03-19,0.01649,8.09,BOTH,0.420585,69,s6trade-1803a5965de351078722
BOX_COMPACT_READY,BOX_SUPPORT_READY,WATCH_CANDIDATE,002428,10.0,True,2025-09-11,27.16714,2025-10-17,26.78319,MAX_HOLDING,False,-49.788104,-0.01832659,s6ps-302e3a382d956a99,-0.235966,s6setup-dc2887ba620b0c0442bf,2025-09-10,0.05395,25.54,BOX,1.393109,68,s6trade-a97aca15f4fe301a610a
NONE,BOX_FORMING,WATCH_CANDIDATE,002518,10.0,False,2025-03-11,27.57755,2025-03-24,26.30367,STOP,False,-138.757077,-0.05031523,s6ps-302e3a382d956a99,-1.021105,s6setup-f206f39667a370bf3be5,2025-03-10,0.053881,26.33,ORIGINAL,1.369065,74,s6trade-1217a3537eb1e3abe78c
NONE,BOX_FORMING,KEY_CANDIDATE,002600,10.0,False,2024-11-11,8.48848,2024-11-25,7.8921,STOP,False,-70.048983,-0.08252241,s6ps-302e3a382d956a99,-1.013424,s6setup-683787f79104f8ee2e19,2024-11-08,0.016381,7.9,ORIGINAL,0.41098599999999996,76,s6trade-69b7d92c730eaedeeabf
NONE,BOX_FORMING,KEY_CANDIDATE,002941,10.0,True,2025-10-31,18.72871,2025-11-06,17.32266,STOP,False,-151.507192,-0.08089569,s6ps-302e3a382d956a99,-1.012486,s6setup-73d70090197f3069d26a,2025-10-30,0.036051,17.34,ORIGINAL,0.9021840000000001,76,s6trade-95588e441d73e0907cac
BOX_COMPACT_READY,BOX_SUPPORT_READY,KEY_CANDIDATE,002941,10.0,True,2025-11-04,18.3183,2025-11-06,17.46252,STOP,False,-96.486901,-0.05267241,s6ps-302e3a382d956a99,-1.020852,s6setup-62af70ba5de083ee7e01,2025-11-03,0.035781,17.48,BOTH,0.9089069999999999,77,s6trade-c95214cf5e68bc3d7fbe
NONE,BOX_FORMING,KEY_CANDIDATE,300046,10.0,False,2024-11-13,44.7447,2024-11-18,39.27069,STOP_GAP,False,-559.448532,-0.12503124,s6ps-302e3a382d956a99,-1.078686,s6setup-4ee0f91abc09748a3b6f,2024-11-12,0.084015,39.67,ORIGINAL,2.04755,78,s6trade-87c4f82ff5eedefe51a7
NONE,BOX_FORMING,KEY_CANDIDATE,300061,10.0,False,2024-11-12,18.09808,2024-11-14,16.15383,STOP,False,-205.266939,-0.11341918,s6ps-302e3a382d956a99,-1.008387,s6setup-166d94d3f45b24a04b1b,2024-11-11,0.034252,16.17,ORIGINAL,0.841943,76,s6trade-88a8710412ed0a833f23
NONE,BOX_FORMING,KEY_CANDIDATE,300073,10.0,False,2025-10-23,64.060997,2025-11-20,61.465473,MAX_HOLDING,False,-272.751226,-0.0425768,s6ps-302e3a382d956a99,-0.486874,s6setup-d208a8e11d95f348db2a,2025-10-22,0.125526,58.73,ORIGINAL,3.1988,80,s6trade-2a7c8b90fd652b4d5462
NONE,BOX_SUPPORT_READY,KEY_CANDIDATE,300102,10.0,False,2024-11-14,13.67366,2024-11-15,12.20778,STOP,False,-157.224269,-0.11498331,s6ps-302e3a382d956a99,-1.008406,s6setup-64c56353c66588956681,2024-11-13,0.025881,12.22,BOTH,0.63627,80,s6trade-1e591f955ed030d83df6
NONE,BOX_FORMING,KEY_CANDIDATE,300199,10.0,True,2025-06-30,16.29628,2025-07-28,19.10088,MAX_HOLDING,False,269.469566,0.16535649,s6ps-302e3a382d956a99,2.425537,s6setup-4384ae59e6ffa750c3f4,2025-06-27,0.035397,15.14,ORIGINAL,0.990441,78,s6trade-8224a622f3891b407ae7
NONE,BOX_SUPPORT_READY,WATCH_CANDIDATE,300293,10.0,False,2024-10-30,28.23821,2024-11-11,39.10086,TARGET,False,1074.242616,0.38042164,s6ps-302e3a382d956a99,3.323731,s6setup-9bd84923404891e10b11,2024-10-29,0.067339,24.97,BOX,2.022382,70,s6trade-56cf938c2f8c74759292
NONE,BOX_STABLE,WATCH_CANDIDATE,300307,10.0,False,2025-03-13,9.73973,2025-04-03,9.13086,STOP,False,-71.362417,-0.0732694,s6ps-302e3a382d956a99,-1.01524,s6setup-94288502943025be722a,2025-03-12,0.018871,9.14,BOX,0.475414,72,s6trade-2008744f7742642481e1
BOX_COMPACT_READY,BOX_STABLE,WATCH_CANDIDATE,300450,10.0,True,2025-07-10,23.448425,2025-07-22,26.14383,TARGET,False,258.183714,0.11010706,s6ps-302e3a382d956a99,3.700319,s6setup-adf6c601c300982c2d25,2025-07-09,0.049592,22.72,BOX,1.356784,72,s6trade-c3812cd4714e73b9c7ff
NONE,BOX_SUPPORT_READY,KEY_CANDIDATE,300600,10.0,False,2025-08-26,20.6206,2025-08-27,18.74124,STOP,False,-198.912432,-0.09646297,s6ps-302e3a382d956a99,-1.010083,s6setup-505fdc69398e03985840,2025-08-25,0.039362,18.76,BOX,0.976424,75,s6trade-7c9817620fbd52ad487d
NONE,BOX_STABLE,WATCH_CANDIDATE,300603,10.0,False,2025-03-07,13.8138,2025-03-24,12.76722,STOP,False,-115.322948,-0.08348387,s6ps-302e3a382d956a99,-1.012362,s6setup-e4b882cc76f264f60fa3,2025-03-06,0.026581,12.78,BOX,0.6649419999999999,74,s6trade-5e8cd48c8f9d39e189a1
NONE,BOX_FORMING,KEY_CANDIDATE,300708,10.0,False,2025-01-23,13.67366,2025-02-28,12.55743,STOP,False,-122.277101,-0.08942529,s6ps-302e3a382d956a99,-1.011389,s6setup-01d20fc7b95e50754f8f,2025-01-22,0.026231,12.57,ORIGINAL,0.654103,76,s6trade-62881c6d543f463404d6
NONE,BOX_FORMING,KEY_CANDIDATE,301165,10.0,False,2025-09-12,63.188125,2025-10-20,59.251689,MAX_HOLDING,False,-406.728628,-0.06436789,s6ps-302e3a382d956a99,-0.709507,s6setup-a76a106f1fdb7676fc87,2025-09-11,0.12244,57.64,ORIGINAL,3.085024,78,s6trade-eb33a7bbb5827194cb4e
NONE,BOX_SUPPORT_READY,WATCH_CANDIDATE,301200,10.0,False,2025-11-12,115.14503,2025-11-21,107.35254,STOP,False,-794.839118,-0.06902939,s6ps-302e3a382d956a99,-1.013983,s6setup-2c4bbb328f5078d10720,2025-11-11,0.222498,107.46,BOX,5.590125,67,s6trade-52725d3e7ae22b05ecf5
BOX_COMPACT_READY,BOX_SUPPORT_READY,WATCH_CANDIDATE,301200,10.0,True,2025-11-14,116.18607,2025-11-19,109.57032,STOP_GAP,False,-677.279275,-0.05829264,s6ps-302e3a382d956a99,-1.069459,s6setup-92817d821589cb844253,2025-11-13,0.225756,110.0,BOTH,5.704272,69,s6trade-df3b362e5ff11965e465
NONE,BOX_FORMING,KEY_CANDIDATE,600010,10.0,True,2025-08-14,2.51251,2025-09-11,2.47752,MAX_HOLDING,False,-13.627867,-0.05424005,s6ps-302e3a382d956a99,-0.21531,s6setup-4fe377f3079b4d40efa0,2025-08-13,0.00499,2.35,ORIGINAL,0.128866,80,s6trade-d91dea86512ee3612c13
BOX_COMPACT_READY,BOX_SUPPORT_READY,WATCH_CANDIDATE,600178,10.0,True,2025-07-15,13.7137,2025-08-06,15.62436,TARGET,False,180.255437,0.13144187,s6ps-302e3a382d956a99,3.27336,s6setup-c856df5ef579bf7f6ea2,2025-07-14,0.029338,13.13,BOX,0.8105559999999999,69,s6trade-da4ce7e476695b99a05d
NONE,BOX_FORMING,KEY_CANDIDATE,600550,10.0,True,2025-06-11,8.82882,2025-06-19,8.31168,STOP,False,-62.146726,-0.07039075,s6ps-302e3a382d956a99,-1.016352,s6setup-ecc960741dc6a8eb306d,2025-06-10,0.017141,8.32,ORIGINAL,0.432725,76,s6trade-8fd2850f4c27af055d74
NONE,BOX_FORMING,KEY_CANDIDATE,600875,10.0,True,2025-08-12,20.14012,2025-09-02,19.25073,STOP,False,-99.940935,-0.04962281,s6ps-302e3a382d956a99,-1.022146,s6setup-fdc17521e378be474b4a,2025-08-11,0.039391,19.27,ORIGINAL,1.001928,79,s6trade-70133259a62c53b45262
NONE,BOX_FORMING,KEY_CANDIDATE,601212,10.0,True,2025-11-03,5.19519,2025-11-05,4.88511,STOP_GAP,False,-41.262334,-0.07942411,s6ps-302e3a382d956a99,-1.126785,s6setup-913c0c634718e28e471d,2025-10-31,0.01008,4.92,ORIGINAL,0.254336,80,s6trade-2c3a1aba2d0079082058
NONE,BOX_FORMING,KEY_CANDIDATE,603099,10.0,False,2024-11-25,38.91888,2024-12-13,53.29665,TARGET,False,1425.019967,0.36615133,s6ps-302e3a382d956a99,4.79438,s6setup-d245c07d3f6641955e81,2024-11-22,0.092216,35.92,ORIGINAL,2.757049,77,s6trade-15c1bc928c2bfa76e819
NONE,BOX_STABLE,WATCH_CANDIDATE,603119,10.0,False,2025-10-09,109.6095,2025-10-13,98.08182,STOP_GAP,False,-1167.879796,-0.10654914,s6ps-302e3a382d956a99,-1.577082,s6setup-c5ff5044c6a383480dae,2025-09-30,0.207691,102.3,BOTH,5.111782,77,s6trade-a5f920ff352919e848d1
NONE,BOX_FORMING,KEY_CANDIDATE,603501,10.0,False,2025-03-10,145.01487,2025-03-13,136.93293,STOP,False,-825.32255,-0.05691296,s6ps-302e3a382d956a99,-1.017253,s6setup-0b555cec13fe91beb6ed,2025-03-07,0.281948,137.07,ORIGINAL,7.128594,78,s6trade-329379f687c16ced3714
NONE,BOX_FORMING,KEY_CANDIDATE,688116,10.0,True,2025-03-19,48.12808,2025-03-20,44.96499,STOP_GAP,True,-328.650343,-0.06828661,s6ps-302e3a382d956a99,-1.172348,s6setup-f3f4c3e098a92dd7a8a7,2025-03-18,0.093093,45.43,ORIGINAL,2.341343,75,s6trade-fa41fe703549f67285b1
NONE,BOX_FORMING,KEY_CANDIDATE,688249,10.0,False,2025-10-31,35.84581,2025-11-03,33.1668,STOP_GAP,True,-279.62836,-0.07800866,s6ps-302e3a382d956a99,-1.303141,s6setup-b39375be3774b91f8efb,2025-10-30,0.069013,33.79,ORIGINAL,1.727353,78,s6trade-ab73b83f5434c848711f
NONE,BOX_FORMING,KEY_CANDIDATE,688297,10.0,True,2025-05-30,44.845801,2025-06-30,53.147799,MAX_HOLDING,False,817.444417,0.18227892,s6ps-302e3a382d956a99,2.847244,s6setup-256eae6dafac0cf97133,2025-05-29,0.097994,41.93,ORIGINAL,2.755384,79,s6trade-ec62ab7cb8a7a1f4cd9e
NONE,BOX_SUPPORT_READY,KEY_CANDIDATE,688313,10.0,False,2025-05-27,28.669641,2025-06-09,35.23473,TARGET,True,644.683265,0.22486618,s6ps-302e3a382d956a99,3.607903,s6setup-14605b552daa7ebd2184,2025-05-26,0.063904,26.85,BOX,1.82564,79,s6trade-fe62103e5a5d65324e7f
NONE,BOX_SUPPORT_READY,WATCH_CANDIDATE,688469,10.0,False,2025-10-23,6.35635,2025-11-20,6.77322,MAX_HOLDING,False,31.33521,0.04929749,s6ps-302e3a382d956a99,1.137901,s6setup-4f26f5b925788d16026b,2025-10-22,0.01313,5.99,BOX,0.35179099999999996,71,s6trade-92b27bcdc19f083034d3
NONE,BOX_FORMING,KEY_CANDIDATE,688480,10.0,False,2025-10-31,51.53148,2025-11-21,47.34261,STOP,False,-431.353014,-0.0837067,s6ps-302e3a382d956a99,-1.011443,s6setup-1ee9a9afea96750fe1f1,2025-10-30,0.098874,47.39,ORIGINAL,2.466005,79,s6trade-d321eadbfe33fe7642b2
BOX_COMPACT_READY,BOX_SUPPORT_READY,KEY_CANDIDATE,688499,10.0,True,2025-07-14,39.31928,2025-07-18,49.74021,TARGET,False,1029.516918,0.26183514,s6ps-302e3a382d956a99,3.846384,s6setup-6190d8589a34a14b2f2f,2025-07-11,0.089059,36.61,BOTH,2.5760690000000004,81,s6trade-7e070e690970d23c0036
NONE,BOX_FORMING,KEY_CANDIDATE,688507,10.0,False,2025-08-22,102.22212,2025-09-03,94.82508,STOP,False,-754.64233,-0.07382378,s6ps-302e3a382d956a99,-1.012999,s6setup-987937c145bed8deb782,2025-08-21,0.197047,94.92,ORIGINAL,4.938301,76,s6trade-377e7d5c57ef6eb87e73
NONE,BOX_FORMING,WATCH_CANDIDATE,688776,10.0,False,2025-04-22,83.083,2025-05-23,101.898,MAX_HOLDING,False,1866.22015,0.22462118,s6ps-302e3a382d956a99,2.426803,s6setup-728245ec1e0d5447ffd8,2025-04-21,0.184981,75.33,ORIGINAL,5.279881,77,s6trade-9144476fdeb96146b8a8
