code,name,board,candidate_type,classification,signal_date,entry_date,entry_model,signal_close,entry_price,total_score,short_strength_score,volume_dry_score,volume_dry_level,support_status,main_support_ma,main_support_distance,strength_trigger,high_trigger,max_drawdown,return_5d,return_10d,return_20d,exit_date_5d,exit_date_10d,exit_date_20d,risk_tags,warn_tags
688313,仕佳光子,KCB,BUY_CANDIDATE,trade,2025-05-22,2025-05-23,NEXT_OPEN,28.691,28.691,80.46,23,14,HEALTHY_DRY,SPRINT_MA20_SUPPORT,MA20,0.048674,ret_20d,new_120d_high,-0.06448,-0.005228,0.216096,0.334913,2025-05-29,2025-06-06,2025-06-20,[],['HIGH_5D_VOLATILITY']
688171,纬德信息,KCB,BUY_CANDIDATE,trade,2025-06-05,2025-06-06,NEXT_OPEN,32.369,32.169,79.26,19,15,HEALTHY_DRY,SPRINT_MA10_SUPPORT,MA10,0.031604,ret_5d,new_120d_high,-0.118406,-0.062483,-0.069943,-0.093537,2025-06-12,2025-06-19,2025-07-03,[],"['HIGH_5D_VOLATILITY', 'HIGH_10D_VOLATILITY']"
688499,利元亨,KCB,BUY_CANDIDATE,trade,2025-07-10,2025-07-11,NEXT_OPEN,39.46,39.16,76.07,23,14,HEALTHY_DRY,SPRINT_MA20_SUPPORT,MA20,0.044513,ret_20d,new_120d_high,-0.011747,0.112104,0.339377,0.344484,2025-07-17,2025-07-24,2025-08-07,[],[]
688626,翔宇医疗,KCB,BUY_CANDIDATE,trade,2025-07-24,2025-07-25,NEXT_OPEN,45.624,45.554,76.46,17,16,HEALTHY_DRY,SPRINT_MA10_SUPPORT,MA10,0.016724,single_day_surge,new_120d_high,-0.035562,0.005927,0.291303,0.29723,2025-07-31,2025-08-07,2025-08-21,[],[]
300476,胜宏科技,CYB,BUY_CANDIDATE,trade,2025-08-07,2025-08-08,NEXT_OPEN,189.706,186.136,79.78,24,13,WATCH_DRY,SPRINT_MA10_SUPPORT,MA10,0.024564,ret_20d,new_120d_high,-0.000376,0.201788,0.150589,0.313588,2025-08-14,2025-08-21,2025-09-04,[],['HIGH_10D_VOLATILITY']
300502,新易盛,CYB,BUY_CANDIDATE,trade,2025-08-07,2025-08-08,NEXT_OPEN,130.44,130.0,68.05,23,13,WATCH_DRY,SPRINT_MA20_SUPPORT,MA20,0.047029,ret_20d,new_120d_high,-0.011615,0.264077,0.411308,0.709308,2025-08-14,2025-08-21,2025-09-04,[],[]
688185,康希诺,KCB,BUY_CANDIDATE,trade,2025-08-14,2025-08-15,NEXT_OPEN,83.93,84.0,85.04,24,14,HEALTHY_DRY,SPRINT_MA10_SUPPORT,MA10,0.001549,ret_20d,new_120d_high,-0.070238,0.022976,-0.032262,0.009167,2025-08-21,2025-08-28,2025-09-11,[],[]
688004,博汇科技,KCB,BUY_CANDIDATE,trade,2025-08-21,2025-08-22,NEXT_OPEN,25.22,25.15,75.4,23,14,HEALTHY_DRY,SPRINT_MA20_SUPPORT,MA20,0.0204,ret_20d,new_120d_high,-0.101392,0.007555,-0.083897,-0.060835,2025-08-28,2025-09-04,2025-09-18,[],[]
688039,当虹科技,KCB,BUY_CANDIDATE,trade,2025-08-21,2025-08-22,NEXT_OPEN,50.53,50.27,82.6,21,14,HEALTHY_DRY,SPRINT_MA20_SUPPORT,MA20,0.028953,ret_20d,new_120d_high,-0.043963,0.208474,-0.022081,0.034414,2025-08-28,2025-09-04,2025-09-18,[],[]
688171,纬德信息,KCB,BUY_CANDIDATE,trade,2025-08-21,2025-08-22,NEXT_OPEN,43.2,43.41,81.42,24,15,HEALTHY_DRY,SPRINT_MA10_SUPPORT,MA10,0.000301,ret_20d,new_120d_high,-0.032481,0.066805,0.103202,0.151808,2025-08-28,2025-09-04,2025-09-18,[],['HIGH_10D_VOLATILITY']
000063,中兴通讯,SZ_MAIN,BUY_CANDIDATE,trade,2025-09-11,2025-09-12,NEXT_OPEN,43.74,43.03,75.13,24,14,HEALTHY_DRY,SPRINT_MA10_SUPPORT,MA10,0.01198,ret_20d,new_120d_high,-0.018127,0.028352,0.064374,0.130142,2025-09-18,2025-09-25,2025-10-17,[],[]
002402,和而泰,SZ_MAIN,BUY_CANDIDATE,trade,2025-09-11,2025-09-12,NEXT_OPEN,37.7,37.55,77.99,20,15,HEALTHY_DRY,SPRINT_MA10_SUPPORT,MA10,0.02305,ret_5d,new_120d_high,-0.005859,0.165113,0.395473,0.338482,2025-09-18,2025-09-25,2025-10-17,[],['HIGH_5D_VOLATILITY']
002600,领益智造,SZ_MAIN,BUY_CANDIDATE,trade,2025-09-11,2025-09-12,NEXT_OPEN,14.5,14.34,80.6,24,13,WATCH_DRY,SPRINT_MA10_SUPPORT,MA10,0.014828,ret_20d,new_120d_high,-0.030683,0.007671,0.107392,-0.017434,2025-09-18,2025-09-25,2025-10-17,[],[]
688318,财富趋势,KCB,BUY_CANDIDATE,trade,2025-09-11,2025-09-12,NEXT_OPEN,113.357,112.586,77.2,24,13,WATCH_DRY,SPRINT_MA10_SUPPORT,MA10,0.013532,ret_20d,new_120d_high,-0.114961,0.011422,-0.014593,-0.112678,2025-09-18,2025-09-25,2025-10-17,[],[]
688610,埃科光电,KCB,BUY_CANDIDATE,trade,2025-09-12,2025-09-15,NEXT_OPEN,67.37,67.46,72.29,23,15,HEALTHY_DRY,SPRINT_MA20_SUPPORT,MA20,0.040975,ret_20d,new_120d_high,-0.018529,0.034687,0.108953,0.030537,2025-09-19,2025-09-26,2025-10-20,[],[]
300394,天孚通信,CYB,BUY_CANDIDATE,trade,2025-09-18,2025-09-19,NEXT_OPEN,127.63,129.64,75.26,21,13,WATCH_DRY,SPRINT_MA20_SUPPORT,MA20,0.017774,ret_20d,new_120d_high,-0.198318,0.001157,-0.132212,-0.023141,2025-09-25,2025-10-10,2025-10-24,[],['DEEP_PULLBACK']
300502,新易盛,CYB,BUY_CANDIDATE,trade,2025-09-18,2025-09-19,NEXT_OPEN,246.08,249.93,86.96,24,15,HEALTHY_DRY,SPRINT_MA10_SUPPORT,MA10,0.004064,ret_20d,new_120d_high,-0.116913,0.07174,-0.013444,0.063058,2025-09-25,2025-10-10,2025-10-24,[],['HIGH_10D_VOLATILITY']
688063,派能科技,KCB,BUY_CANDIDATE,trade,2025-09-18,2025-09-19,NEXT_OPEN,58.339,58.109,74.88,23,13,WATCH_DRY,SPRINT_MA20_SUPPORT,MA20,0.023783,ret_20d,new_120d_high,-0.029772,0.024437,0.17949,0.117538,2025-09-25,2025-10-10,2025-10-24,[],[]
688256,寒武纪,KCB,BUY_CANDIDATE,trade,2025-09-18,2025-09-19,NEXT_OPEN,952.68,933.22,76.58,24,13,WATCH_DRY,SPRINT_MA20_SUPPORT,MA20,0.030343,ret_20d,new_120d_high,-0.145271,-0.003815,-0.10422,0.095647,2025-09-25,2025-10-10,2025-10-24,[],['HIGH_10D_VOLATILITY']
688331,荣昌生物,KCB,BUY_CANDIDATE,trade,2025-09-18,2025-09-19,NEXT_OPEN,104.6,103.5,83.32,24,15,HEALTHY_DRY,SPRINT_MA10_SUPPORT,MA10,0.016434,ret_20d,new_120d_high,-0.169662,0.048309,-0.107536,-0.128696,2025-09-25,2025-10-10,2025-10-24,[],['HIGH_10D_VOLATILITY']
688376,美埃科技,KCB,BUY_CANDIDATE,trade,2025-09-18,2025-09-19,NEXT_OPEN,54.06,54.43,74.66,22,14,HEALTHY_DRY,SPRINT_MA10_SUPPORT,MA10,0.014965,ret_10d,new_120d_high,-0.221018,-0.032519,-0.100496,-0.184641,2025-09-25,2025-10-10,2025-10-24,[],['HIGH_10D_VOLATILITY']
002074,国轩高科,SZ_MAIN,BUY_CANDIDATE,trade,2025-09-25,2025-09-26,NEXT_OPEN,46.24,45.5,81.78,24,14,HEALTHY_DRY,SPRINT_MA10_SUPPORT,MA10,0.019615,ret_20d,new_120d_high,-0.114286,-0.024396,-0.109451,0.00022,2025-10-10,2025-10-17,2025-10-31,[],[]
603920,世运电路,SH_MAIN,BUY_CANDIDATE,trade,2025-09-25,2025-09-26,NEXT_OPEN,45.41,44.9,76.98,17,13,WATCH_DRY,SPRINT_MA10_SUPPORT,MA10,0.000881,single_day_surge,new_120d_high,-0.142316,-0.047216,-0.140757,-0.084187,2025-10-10,2025-10-17,2025-10-31,[],[]
600580,卧龙电驱,SH_MAIN,BUY_CANDIDATE,trade,2025-10-10,2025-10-13,NEXT_OPEN,47.67,43.82,75.15,21,13,WATCH_DRY,SPRINT_MA20_SUPPORT,MA20,0.013531,ret_20d,new_120d_high,-0.022821,0.0267,0.067321,0.018028,2025-10-17,2025-10-24,2025-11-07,[],['DEEP_PULLBACK']
002460,赣锋锂业,SZ_MAIN,BUY_CANDIDATE,trade,2025-10-24,2025-10-27,NEXT_OPEN,64.3,65.0,81.44,24,13,WATCH_DRY,SPRINT_MA10_SUPPORT,MA10,0.001726,ret_20d,new_120d_high,-0.023077,0.061846,0.076769,-0.013231,2025-10-31,2025-11-07,2025-11-21,[],['HIGH_5D_VOLATILITY']
688521,芯原股份,KCB,BUY_CANDIDATE,trade,2025-10-24,2025-10-27,NEXT_OPEN,176.88,179.0,83.24,18,13,WATCH_DRY,SPRINT_MA10_SUPPORT,MA10,0.038874,ret_5d,new_120d_high,-0.21676,-0.108939,-0.150726,-0.194804,2025-10-31,2025-11-07,2025-11-21,[],['HIGH_5D_VOLATILITY']
688627,精智达,KCB,BUY_CANDIDATE,trade,2025-10-24,2025-10-27,NEXT_OPEN,164.597,169.777,76.42,20,15,HEALTHY_DRY,SPRINT_MA20_SUPPORT,MA20,0.00569,ret_5d,new_120d_high,-0.032454,0.01178,0.111794,0.053011,2025-10-31,2025-11-07,2025-11-21,[],['HIGH_5D_VOLATILITY']
688125,安达智能,KCB,BUY_CANDIDATE,trade,2025-11-07,2025-11-10,NEXT_OPEN,64.01,63.43,73.08,17,16,HEALTHY_DRY,SPRINT_MA10_SUPPORT,MA10,0.010514,single_day_surge,new_120d_high,0.0,0.041463,0.081192,0.157181,2025-11-14,2025-11-21,2025-12-05,[],[]
300620,光库科技,CYB,BUY_CANDIDATE,trade,2025-12-19,2025-12-22,NEXT_OPEN,155.8,158.79,74.31,23,15,HEALTHY_DRY,SPRINT_MA20_SUPPORT,MA20,0.003691,ret_20d,new_120d_high,-0.110775,-0.039738,-0.057308,-0.103092,2025-12-26,2026-01-06,2026-01-20,[],['HIGH_10D_VOLATILITY']
300502,新易盛,CYB,BUY_CANDIDATE,trade,2025-12-26,2025-12-29,NEXT_OPEN,317.36,313.57,76.0,24,17,EXTREME_DRY,SPRINT_MA10_SUPPORT,MA10,0.010206,ret_20d,new_120d_high,-0.15365,-0.051121,-0.129381,-0.092834,2026-01-06,2026-01-13,2026-01-27,[],[]
002195,岩山科技,SZ_MAIN,BUY_CANDIDATE,trade,2026-02-03,2026-02-04,NEXT_OPEN,10.31,10.28,76.86,15,15,HEALTHY_DRY,SPRINT_MA10_SUPPORT,MA10,0.030165,single_day_surge,new_120d_high,-0.090467,-0.023346,0.02821,0.041829,2026-02-10,2026-02-25,2026-03-11,[],['DEEP_PULLBACK']
002565,顺灏股份,SZ_MAIN,BUY_CANDIDATE,trade,2026-02-03,2026-02-04,NEXT_OPEN,16.93,16.71,73.93,20,14,HEALTHY_DRY,SPRINT_MA10_SUPPORT,MA10,0.024395,ret_10d,new_120d_high,-0.189707,-0.009575,-0.044285,-0.148414,2026-02-10,2026-02-25,2026-03-11,[],"['HIGH_10D_VOLATILITY', 'EXTREME_PULLBACK_OBSERVE']"
688277,天智航,KCB,BUY_CANDIDATE,trade,2026-02-03,2026-02-04,NEXT_OPEN,24.18,24.47,86.09,24,13,WATCH_DRY,SPRINT_MA10_SUPPORT,MA10,0.021381,ret_20d,new_120d_high,-0.069064,0.03964,0.04291,0.018799,2026-02-10,2026-02-25,2026-03-11,[],['HIGH_5D_VOLATILITY']
688008,澜起科技,KCB,BUY_CANDIDATE,trade,2026-02-10,2026-02-11,NEXT_OPEN,177.5,174.9,88.9,24,15,HEALTHY_DRY,SPRINT_MA10_SUPPORT,MA10,0.024907,ret_20d,new_120d_high,-0.194797,-0.040938,-0.140595,-0.12167,2026-02-25,2026-03-04,2026-03-18,[],[]
688081,兴图新科,KCB,BUY_CANDIDATE,trade,2026-02-25,2026-02-26,NEXT_OPEN,43.28,43.48,72.86,22,16,HEALTHY_DRY,SPRINT_MA10_SUPPORT,MA10,0.039002,ret_10d,new_120d_high,-0.184913,-0.058648,-0.080267,-0.132935,2026-03-04,2026-03-11,2026-03-25,[],[]
600176,中国巨石,SH_MAIN,BUY_CANDIDATE,trade,2026-03-11,2026-03-12,NEXT_OPEN,26.31,25.93,74.46,23,13,WATCH_DRY,SPRINT_MA20_SUPPORT,MA20,0.026454,ret_20d,new_120d_high,-0.174701,-0.059391,-0.032009,0.072503,2026-03-18,2026-03-25,2026-04-09,[],['HIGH_5D_VOLATILITY']
688277,天智航,KCB,BUY_CANDIDATE,trade,2026-03-11,2026-03-12,NEXT_OPEN,24.93,24.8,74.13,17,14,HEALTHY_DRY,SPRINT_MA10_SUPPORT,MA10,0.000281,single_day_surge,new_120d_high,-0.141129,-0.045161,-0.085484,-0.019355,2026-03-18,2026-03-25,2026-04-09,[],['HIGH_5D_VOLATILITY']
688158,优刻得,KCB,BUY_CANDIDATE,trade,2026-04-01,2026-04-02,NEXT_OPEN,44.22,43.1,73.35,22,14,HEALTHY_DRY,SPRINT_MA10_SUPPORT,MA10,0.026255,ret_20d,new_120d_high,-0.07007,0.070534,0.098144,0.04478,2026-04-09,2026-04-16,2026-04-30,[],['HIGH_5D_VOLATILITY']
688531,日联科技,KCB,BUY_CANDIDATE,trade,2026-06-01,2026-06-02,NEXT_OPEN,167.704,167.514,90.78,21,14,HEALTHY_DRY,SPRINT_MA10_SUPPORT,MA10,0.007084,ret_20d,new_120d_high,-0.060914,0.079874,0.042599,0.061643,2026-06-08,2026-06-15,2026-06-30,[],"['EXTREME_5D_VOLATILITY_OBSERVE', 'EXTREME_10D_VOLATILITY_OBSERVE']"
