box_quality_tag,box_status,brooks_setup_types,brooks_status,candidate_type,code,commission,compact_kline_pass,entry_date,entry_price,exit_date,exit_price,exit_reason,intraday_stop_breach,market_status,multi_path_confirmed,net_profit,net_return,parameter_set_id,passed_path_count,pattern_type,r_multiple,setup_id,signal_date,slippage,stop_loss_price,tail_path,tail_path_summary,tail_paths,tail_primary_path,tax,total_score,trade_id
NONE,BOX_BREAKOUT_READY,[],BROOKS_CONTEXT_REJECT,WATCH_CANDIDATE,000063,10.0,False,2025-09-12,43.07303,2025-10-10,53.93601,TARGET,False,MARKET_STRONG,False,1073.504173,0.24922885,s6ps-f03199f3e7189f9b,1,UNKNOWN,4.221863,s6setup-2a2011176a13f3224d4c,2025-09-11,0.097009,40.5,BOX,BOX,"[""BOX""]",BOX,2.7938099999999997,74,s6trade-bf94c124015587c921b9
NONE,BOX_STABLE,"[""FAILED_BEAR_BREAKOUT""]",BROOKS_FAILED_BREAKOUT_READY,WATCH_CANDIDATE,000426,10.0,False,2024-05-07,13.148135,2024-06-04,14.180805,MAX_HOLDING,False,MARKET_STRONG,True,92.530631,0.07037548,s6ps-f03199f3e7189f9b,2,UNKNOWN,1.277843,s6setup-d2447255d82b4e7de908,2024-05-06,0.027329,12.34,BOX,MULTI,"[""BOX"", ""BROOKS""]",BROOKS,0.736369,74,s6trade-a4a08798c0eb789d251f
BOX_COMPACT_READY,BOX_SUPPORT_READY,"[""MICRO_DOUBLE_BOTTOM"", ""SECOND_ENTRY_LONG_READY"", ""FAILED_BEAR_BREAKOUT""]",BROOKS_CONTEXT_REJECT,WATCH_CANDIDATE,000519,10.0,True,2025-07-15,20.335315,2025-08-12,22.092885,MAX_HOLDING,False,MARKET_STRONG,False,164.609921,0.08094781,s6ps-f03199f3e7189f9b,1,UNKNOWN,1.434382,s6setup-d125da2ab6d89687d74c,2025-07-14,0.042428,19.11,BOX,BOX,"[""BOX""]",BOX,1.1470719999999999,70,s6trade-3fcc3cc5828d27844ed5
BOX_COMPACT_READY,BOX_SUPPORT_READY,"[""FAILED_BEAR_BREAKOUT"", ""BEAR_FOLLOW_THROUGH_FAILED""]",BROOKS_CONTEXT_REJECT,KEY_CANDIDATE,000561,10.0,True,2025-09-02,12.74273,2025-09-03,11.85813,STOP,False,MARKET_STRONG,False,-99.077504,-0.07775218,s6ps-f03199f3e7189f9b,1,UNKNOWN,-1.013601,s6setup-4e4bdb4f02b2642cc0dd,2025-09-01,0.024601,11.87,BOX,BOX,"[""BOX""]",BOX,0.617508,75,s6trade-e1987f0cd4feba9d94a2
NONE,BOX_SUPPORT_READY,"[""FAILED_BEAR_BREAKOUT""]",BROOKS_CONTEXT_REJECT,WATCH_CANDIDATE,000722,10.0,False,2025-06-06,12.9129,2025-06-20,12.00798,STOP,False,MARKET_STRONG,False,-101.117317,-0.07830721,s6ps-f03199f3e7189f9b,1,UNKNOWN,-1.013462,s6setup-73ae5bb71010ee426865,2025-06-05,0.024921,12.02,BOX,BOX,"[""BOX""]",BOX,0.62532,72,s6trade-27c6f5559484c1c08ddf
BOX_COMPACT_READY,BOX_SUPPORT_READY,"[""MICRO_DOUBLE_BOTTOM"", ""FAILED_BEAR_BREAKOUT""]",BROOKS_CONTEXT_REJECT,KEY_CANDIDATE,000766,10.0,True,2025-07-02,25.29527,2025-07-08,24.08589,STOP,False,MARKET_STRONG,False,-132.191664,-0.05225944,s6ps-f03199f3e7189f9b,1,UNKNOWN,-1.020341,s6setup-59623e563d0da8f46a90,2025-07-01,0.049381,24.11,BOX,BOX,"[""BOX""]",BOX,1.2536759999999998,79,s6trade-05213f24ba4de9e00dcb
NONE,BOX_STABLE,[],BROOKS_CONTEXT_REJECT,WATCH_CANDIDATE,000777,10.0,False,2024-05-15,18.44843,2024-05-16,17.36262,STOP_GAP,True,MARKET_STRONG,False,-119.484947,-0.064767,s6ps-f03199f3e7189f9b,1,UNKNOWN,-1.577226,s6setup-2d242922bc99ecab9776,2024-05-14,0.035811,17.76,BOX,BOX,"[""BOX""]",BOX,0.903942,72,s6trade-f9ab51ae03aa78cc8833
NONE,BOX_SUPPORT_READY,[],BROOKS_CONTEXT_REJECT,WATCH_CANDIDATE,000796,10.0,False,2025-09-26,6.43643,2025-09-29,6.03396,STOP,False,MARKET_STRONG,False,-50.56117,-0.07855468,s6ps-f03199f3e7189f9b,1,UNKNOWN,-1.015236,s6setup-bba77eab5c130632d0e3,2025-09-25,0.01247,6.04,BOX,BOX,"[""BOX""]",BOX,0.314168,62,s6trade-97f25fce2402eaff4b68
NONE,BOX_BREAKOUT_READY,[],BROOKS_CONTEXT_REJECT,WATCH_CANDIDATE,000833,10.0,False,2025-12-04,20.09007,2025-12-12,19.05093,STOP,False,MARKET_WEAK,False,-114.905698,-0.05719527,s6ps-f03199f3e7189f9b,1,UNKNOWN,-1.018695,s6setup-c7e1dcf42328ff372e2a,2025-12-03,0.039141,19.07,BOX,BOX,"[""BOX""]",BOX,0.991687,71,s6trade-3a2ad8ac9e0ccc8af176
NONE,BOX_STABLE,"[""BEAR_FOLLOW_THROUGH_FAILED""]",BROOKS_CONTEXT_REJECT,KEY_CANDIDATE,000859,10.0,False,2025-06-10,7.57757,2025-06-11,6.993,STOP,False,MARKET_STRONG,True,-68.821218,-0.09082228,s6ps-f03199f3e7189f9b,2,UNKNOWN,-1.01212,s6setup-1f3480720eb9c5570b71,2025-06-09,0.014571,7.0,BOTH,MULTI,"[""ORIGINAL"", ""BOX""]",ORIGINAL,0.364221,78,s6trade-f4710279d54813264d81
BOX_COMPACT_READY,BOX_SUPPORT_READY,"[""MICRO_DOUBLE_BOTTOM"", ""SECOND_ENTRY_LONG_READY"", ""FAILED_BEAR_BREAKOUT"", ""ORDERLY_COMPRESSION_AT_SUPPORT""]",BROOKS_SUPPORT_READY,WATCH_CANDIDATE,000876,10.0,True,2025-04-23,10.036026,2025-04-29,9.60039,STOP,False,MARKET_WEAK,True,-54.063259,-0.05386919,s6ps-f03199f3e7189f9b,2,UNKNOWN,-1.022557,s6setup-76e1598d90c3acec1fdc,2025-04-22,0.019636,9.61,BOX,MULTI,"[""BOX"", ""BROOKS""]",BROOKS,0.499656,77,s6trade-0fb476b4f9fbba2e67a6
NONE,BOX_STABLE,[],BROOKS_FAILED,WATCH_CANDIDATE,000878,10.0,False,2025-10-28,18.3183,2025-11-03,17.44254,STOP,False,MARKET_STRONG,False,-98.483889,-0.05376257,s6ps-f03199f3e7189f9b,1,UNKNOWN,-1.020343,s6setup-c4676972ef6a87215a47,2025-10-27,0.035761,17.46,BOX,BOX,"[""BOX""]",BOX,0.907888,70,s6trade-bf793482bb29cd15b7da
NONE,BOX_SUPPORT_READY,[],BROOKS_CONTEXT_REJECT,WATCH_CANDIDATE,000901,10.0,False,2025-08-28,18.37836,2025-09-03,16.86312,STOP,False,MARKET_STRONG,False,-162.4024,-0.0883661,s6ps-f03199f3e7189f9b,1,UNKNOWN,-1.011266,s6setup-91fdaaeb5fd78ee71f25,2025-08-27,0.035241,16.88,BOX,BOX,"[""BOX""]",BOX,0.878397,69,s6trade-8aeb349a1ba49a2140ac
NONE,BOX_BREAKOUT_READY,[],BROOKS_FAILED,WATCH_CANDIDATE,000948,10.0,False,2025-03-11,19.8198,2025-03-19,19.11087,STOP,False,MARKET_STRONG,False,-81.887466,-0.04131599,s6ps-f03199f3e7189f9b,1,UNKNOWN,-1.027733,s6setup-bf5fe9b2633a0e197b51,2025-03-10,0.038931,19.13,BOX,BOX,"[""BOX""]",BOX,0.9944740000000001,66,s6trade-5e236384ca931edfc1be
NONE,BOX_SUPPORT_READY,"[""MICRO_DOUBLE_BOTTOM"", ""SECOND_ENTRY_LONG_READY"", ""FAILED_BEAR_BREAKOUT""]",BROOKS_CONTEXT_REJECT,KEY_CANDIDATE,001267,0.0,False,2025-12-30,21.278257,,0.0,UNRESOLVED_NO_EXIT_BAR,False,MARKET_STRONG,True,0.0,0.0,s6ps-f03199f3e7189f9b,2,PLATFORM,0.0,s6setup-223e50ba051c0a8871db,2025-12-29,0.0,20.08,BOTH,MULTI,"[""ORIGINAL"", ""BOX""]",ORIGINAL,0.0,86,s6trade-1c605fc90ed055abf6ab
NONE,BOX_STABLE,"[""MICRO_DOUBLE_BOTTOM"", ""FAILED_BEAR_BREAKOUT""]",BROOKS_FAILED_BREAKOUT_READY,KEY_CANDIDATE,001287,10.0,False,2025-11-12,25.60558,2025-11-18,23.95602,STOP,False,MARKET_STRONG,True,-176.203365,-0.06881444,s6ps-f03199f3e7189f9b,2,UNKNOWN,-1.014752,s6setup-0ef40d7278ce749ab26a,2025-11-11,0.049562,23.98,BOX,MULTI,"[""BOX"", ""BROOKS""]",BROOKS,1.247363,76,s6trade-95c5203161772452966a
NONE,BOX_SUPPORT_READY,"[""FAILED_BEAR_BREAKOUT""]",FAILED_BEAR_BREAKOUT,WATCH_CANDIDATE,002008,10.0,False,2025-10-10,40.04,2025-10-13,36.4635,STOP_GAP,False,MARKET_STRONG,False,-369.54966,-0.09229512,s6ps-f03199f3e7189f9b,1,UNKNOWN,-1.402549,s6setup-c41cf311890f660da644,2025-10-09,0.076504,37.49,BOX,BOX,"[""BOX""]",BOX,1.899679,66,s6trade-df097780eb44d5ba6257
NONE,BOX_SUPPORT_READY,[],BROOKS_CONTEXT_REJECT,WATCH_CANDIDATE,002028,10.0,False,2025-11-21,137.4373,2025-12-19,145.00485,MAX_HOLDING,False,MARKET_NEUTRAL,False,739.222323,0.05378615,s6ps-f03199f3e7189f9b,1,UNKNOWN,1.35442,s6setup-015b9fc1c4e7060fe9ee,2025-11-20,0.282442,131.85,BOX,BOX,"[""BOX""]",BOX,7.532685,74,s6trade-cbdb1b55763e5bcca233
NONE,BOX_SUPPORT_READY,[],BROOKS_FAILED,WATCH_CANDIDATE,002029,0.0,False,2025-12-24,11.03102,,0.0,UNRESOLVED_NO_EXIT_BAR,False,MARKET_STRONG,False,0.0,0.0,s6ps-f03199f3e7189f9b,1,UNKNOWN,0.0,s6setup-0eba66d04ba807005d51,2025-12-23,0.0,10.34,BOX,BOX,"[""BOX""]",BOX,0.0,68,s6trade-fbe4d8434eedb6ce9e16
NONE,BOX_STABLE,"[""FAILED_BEAR_BREAKOUT""]",BROOKS_CONTEXT_REJECT,WATCH_CANDIDATE,002119,10.0,False,2025-02-12,18.37836,2025-02-18,17.2827,STOP,False,MARKET_NEUTRAL,True,-120.465794,-0.06554763,s6ps-f03199f3e7189f9b,2,UNKNOWN,-1.016043,s6setup-ee83bf34d16fd61dbe6e,2025-02-11,0.035661,17.3,BOTH,MULTI,"[""ORIGINAL"", ""BOX""]",ORIGINAL,0.899796,71,s6trade-91f4cd6a45219227850f
BOX_COMPACT_READY,BOX_SUPPORT_READY,"[""BEAR_FOLLOW_THROUGH_FAILED""]",BROOKS_CONTEXT_REJECT,WATCH_CANDIDATE,002125,10.0,True,2025-07-15,13.6136,2025-08-04,12.87711,STOP,False,MARKET_STRONG,False,-84.319344,-0.06193758,s6ps-f03199f3e7189f9b,1,UNKNOWN,-1.017814,s6setup-7e75682ebabd402c55ab,2025-07-14,0.026491,12.89,BOX,BOX,"[""BOX""]",BOX,0.670347,74,s6trade-4b83aed9401bf4d548ef
NONE,BOX_SUPPORT_READY,"[""BEAR_FOLLOW_THROUGH_FAILED""]",BROOKS_FAILED,WATCH_CANDIDATE,002130,10.0,False,2024-11-07,19.1191,2024-11-15,17.81217,STOP,False,MARKET_STRONG,False,-141.620546,-0.07407281,s6ps-f03199f3e7189f9b,1,UNKNOWN,-1.013831,s6setup-b3bfe3b0c2577df77662,2024-11-06,0.036931,17.83,BOX,BOX,"[""BOX""]",BOX,0.927539,69,s6trade-27f458a3f98f90ef5bdd
NONE,BOX_SUPPORT_READY,"[""BEAR_FOLLOW_THROUGH_FAILED""]",BROOKS_FAILED,WATCH_CANDIDATE,002130,10.0,False,2024-11-08,19.6196,2024-11-15,17.99199,STOP,False,MARKET_STRONG,False,-173.698205,-0.088533,s6ps-f03199f3e7189f9b,1,UNKNOWN,-1.011189,s6setup-601520cd7eade1a86625,2024-11-07,0.037612,18.01,BOX,BOX,"[""BOX""]",BOX,0.9372119999999999,71,s6trade-947389970f5a535cc77b
NONE,BOX_SUPPORT_READY,"[""BEAR_FOLLOW_THROUGH_FAILED""]",BROOKS_FAILED,WATCH_CANDIDATE,002130,10.0,False,2024-11-11,19.3193,2024-11-15,18.03195,STOP,False,MARKET_STRONG,False,-139.673941,-0.07229762,s6ps-f03199f3e7189f9b,1,UNKNOWN,-1.01422,s6setup-0ea994a0114ea261040e,2024-11-08,0.037351,18.05,BOX,BOX,"[""BOX""]",BOX,0.938949,72,s6trade-9fee95feacdfeda389da
NONE,BOX_SUPPORT_READY,"[""BEAR_FOLLOW_THROUGH_FAILED""]",BROOKS_FAILED,WATCH_CANDIDATE,002130,10.0,False,2024-11-12,19.50949,2024-11-15,18.11187,STOP,False,MARKET_STRONG,False,-150.705211,-0.07724713,s6ps-f03199f3e7189f9b,1,UNKNOWN,-1.013143,s6setup-3dc4536bdb7bfa83e949,2024-11-11,0.037621,18.13,BOX,BOX,"[""BOX""]",BOX,0.943214,70,s6trade-435d9f420c1a474b05fd
NONE,BOX_STABLE,"[""FAILED_BEAR_BREAKOUT""]",FAILED_BEAR_BREAKOUT,WATCH_CANDIDATE,002139,10.0,False,2025-03-17,17.059042,2025-03-21,16.20378,STOP,False,MARKET_STRONG,False,-96.36965,-0.05649183,s6ps-f03199f3e7189f9b,1,UNKNOWN,-1.019332,s6setup-a395f4053d44b2b95a38,2025-03-14,0.033263,16.22,BOX,BOX,"[""BOX""]",BOX,0.8434520000000001,72,s6trade-d717260f5ee87ce63377
NONE,BOX_SUPPORT_READY,"[""BEAR_FOLLOW_THROUGH_FAILED""]",BROOKS_CONTEXT_REJECT,WATCH_CANDIDATE,002150,10.0,False,2025-10-23,17.90789,2025-11-06,23.46651,TARGET,False,MARKET_NEUTRAL,False,544.647307,0.30413818,s6ps-f03199f3e7189f9b,1,UNKNOWN,4.005087,s6setup-a0fd6d6bec6aad7bcb7a,2025-10-22,0.041374,16.52,BOX,BOX,"[""BOX""]",BOX,1.2147000000000001,65,s6trade-7dd6498e160d0e8d3c45
NONE,BOX_BREAKOUT_READY,"[""FAILED_BEAR_BREAKOUT""]",BROOKS_FAILED_BREAKOUT_READY,KEY_CANDIDATE,002189,10.0,False,2025-07-22,26.7267,2025-08-01,25.40457,STOP,False,MARKET_STRONG,True,-143.535368,-0.05370486,s6ps-f03199f3e7189f9b,2,UNKNOWN,-1.019611,s6setup-04e5a63a128999110382,2025-07-21,0.052131,25.43,BOX,MULTI,"[""BOX"", ""BROOKS""]",BROOKS,1.3223589999999998,78,s6trade-739dced41c695ef11290
BOX_COMPACT_READY,BOX_SUPPORT_READY,"[""ORDERLY_COMPRESSION_AT_SUPPORT""]",ORDERLY_COMPRESSION_AT_SUPPORT,KEY_CANDIDATE,002194,10.0,True,2024-12-12,13.43342,2024-12-16,12.72726,STOP,False,MARKET_STRONG,True,-81.278518,-0.06050471,s6ps-f03199f3e7189f9b,2,UNKNOWN,-1.018373,s6setup-3612f5ac72a5762c6014,2024-12-11,0.026161,12.74,BOTH,MULTI,"[""ORIGINAL"", ""BOX""]",ORIGINAL,0.662524,80,s6trade-3beff7fffe259948bcd6
NONE,BOX_SUPPORT_READY,[],BROOKS_FAILED,WATCH_CANDIDATE,002210,10.0,False,2025-07-17,2.88288,2025-08-14,3.0969,MAX_HOLDING,False,MARKET_STRONG,False,11.241174,0.03899286,s6ps-f03199f3e7189f9b,1,UNKNOWN,1.313973,s6setup-3c527aa803492bc46e6e,2025-07-16,0.00598,2.72,BOX,BOX,"[""BOX""]",BOX,0.16082500000000002,69,s6trade-b84d95d9f06f94f6b009
BOX_COMPACT_READY,BOX_SUPPORT_READY,"[""MICRO_DOUBLE_BOTTOM"", ""FAILED_BEAR_BREAKOUT""]",BROOKS_CONTEXT_REJECT,KEY_CANDIDATE,002215,10.0,True,2025-06-17,11.12111,2025-06-19,10.55943,STOP,False,MARKET_STRONG,False,-66.717652,-0.0599919,s6ps-f03199f3e7189f9b,1,UNKNOWN,-1.019179,s6setup-3ec37812310d180bb5c5,2025-06-16,0.021681,10.57,BOX,BOX,"[""BOX""]",BOX,0.549653,78,s6trade-4d2e616cbcfb99193183
BOX_COMPACT_READY,BOX_STABLE,"[""MICRO_DOUBLE_BOTTOM"", ""FAILED_BEAR_BREAKOUT""]",BROOKS_CONTEXT_REJECT,KEY_CANDIDATE,002245,10.0,True,2024-12-11,11.09108,2024-12-16,10.43955,STOP_GAP,False,MARKET_STRONG,True,-75.69651,-0.0682499,s6ps-f03199f3e7189f9b,2,UNKNOWN,-1.066194,s6setup-bb09aca5ea8ef855f0f4,2024-12-10,0.021531,10.48,BOTH,MULTI,"[""ORIGINAL"", ""BOX""]",ORIGINAL,0.543509,76,s6trade-0e147ad6c2f33741d1af
BOX_COMPACT_READY,BOX_SUPPORT_READY,[],COMPACT_BEARISH_REJECT,WATCH_CANDIDATE,002266,10.0,True,2025-08-07,3.574571,2025-09-04,3.957039,MAX_HOLDING,False,MARKET_STRONG,False,28.041416,0.07844694,s6ps-f03199f3e7189f9b,1,UNKNOWN,1.6305,s6setup-4cab1a9a8619d98012cf,2025-08-06,0.007532,3.34,BOX,BOX,"[""BOX""]",BOX,0.205384,74,s6trade-45c8b30cfdf2aa7760e0
NONE,BOX_SUPPORT_READY,"[""BEAR_FOLLOW_THROUGH_FAILED""]",BROOKS_CONTEXT_REJECT,WATCH_CANDIDATE,002273,10.0,False,2024-11-22,20.643623,2024-11-25,19.51047,STOP,False,MARKET_STRONG,False,-124.330988,-0.06022731,s6ps-f03199f3e7189f9b,1,UNKNOWN,-1.017537,s6setup-52ee156bbd13078c93bf,2024-11-21,0.040154,19.53,BOX,BOX,"[""BOX""]",BOX,1.0156779999999999,72,s6trade-0e5ba68802fb726d9a5a
NONE,BOX_BREAKOUT_READY,[],BROOKS_CONTEXT_REJECT,WATCH_CANDIDATE,002317,10.0,False,2025-07-02,15.20519,2025-07-29,18.76122,TARGET,False,MARKET_STRONG,True,344.630968,0.22665351,s6ps-f03199f3e7189f9b,2,UNKNOWN,4.36221,s6setup-7cf3aadef71694a02d4f,2025-07-01,0.033966,14.39,BOTH,MULTI,"[""ORIGINAL"", ""BOX""]",ORIGINAL,0.9720270000000001,76,s6trade-a3a439699d66c7075af0
NONE,BOX_SUPPORT_READY,"[""FAILED_BEAR_BREAKOUT""]",BROOKS_CONTEXT_REJECT,WATCH_CANDIDATE,002334,10.0,False,2025-03-11,9.040031,2025-03-24,8.60139,STOP,False,MARKET_STRONG,False,-54.31181,-0.06007923,s6ps-f03199f3e7189f9b,1,UNKNOWN,-1.020022,s6setup-9573a2607c2d6860603b,2025-03-10,0.017641,8.61,BOX,BOX,"[""BOX""]",BOX,0.44771,72,s6trade-6bf0fad1f6454b18e5c9
NONE,BOX_SUPPORT_READY,"[""FAILED_BEAR_BREAKOUT""]",FAILED_BEAR_BREAKOUT,KEY_CANDIDATE,002342,10.0,False,2025-07-25,7.35735,2025-08-04,6.80319,STOP_GAP,False,MARKET_STRONG,False,-65.770317,-0.08939403,s6ps-f03199f3e7189f9b,1,UNKNOWN,-1.092264,s6setup-9d1b0130a0ec33cd3b7d,2025-07-24,0.014161,6.85,BOX,BOX,"[""BOX""]",BOX,0.354321,75,s6trade-8d318ab5659b2bf98d4e
NONE,BOX_BREAKOUT_READY,"[""BEAR_FOLLOW_THROUGH_FAILED""]",BROOKS_FAILED,KEY_CANDIDATE,002378,10.0,False,2025-09-15,13.5135,2025-09-18,12.29769,STOP,False,MARKET_STRONG,True,-132.221692,-0.09784415,s6ps-f03199f3e7189f9b,2,UNKNOWN,-1.010229,s6setup-c4520a011b1400a27c31,2025-09-12,0.025811,12.31,BOTH,MULTI,"[""ORIGINAL"", ""BOX""]",ORIGINAL,0.640696,81,s6trade-f2cf0ce38767b12f5b43
BOX_COMPACT_READY,BOX_SUPPORT_READY,"[""MICRO_DOUBLE_BOTTOM"", ""FAILED_BEAR_BREAKOUT"", ""ORDERLY_COMPRESSION_AT_SUPPORT""]",FAILED_BEAR_BREAKOUT,WATCH_CANDIDATE,002414,10.0,True,2025-03-19,8.41841,2025-03-24,8.0919,STOP,False,MARKET_STRONG,True,-43.072104,-0.05116418,s6ps-f03199f3e7189f9b,3,PLATFORM,-1.025439,s6setup-9eb0785d7e71d7a4ffb1,2025-03-18,0.01651,8.1,BOTH,MULTI,"[""ORIGINAL"", ""BOX"", ""BROOKS""]",ORIGINAL,0.421105,90,s6trade-d6cc65359bd70e0c5438
BOX_COMPACT_READY,BOX_SUPPORT_READY,"[""MICRO_DOUBLE_BOTTOM"", ""FAILED_BEAR_BREAKOUT"", ""ORDERLY_COMPRESSION_AT_SUPPORT""]",FAILED_BEAR_BREAKOUT,WATCH_CANDIDATE,002414,10.0,True,2025-03-20,8.4084,2025-03-24,8.08191,STOP,False,MARKET_STRONG,True,-43.069582,-0.05122209,s6ps-f03199f3e7189f9b,3,UNKNOWN,-1.025408,s6setup-e79fa17af18d8e91488d,2025-03-19,0.01649,8.09,BOTH,MULTI,"[""ORIGINAL"", ""BOX"", ""BROOKS""]",ORIGINAL,0.420585,69,s6trade-76a9794d28f1534bf61b
NONE,BOX_SUPPORT_READY,"[""BEAR_FOLLOW_THROUGH_FAILED""]",BROOKS_CONTEXT_REJECT,WATCH_CANDIDATE,002428,10.0,False,2025-09-10,27.40738,2025-10-16,28.01196,MAX_HOLDING,False,MARKET_STRONG,False,49.001984,0.01787912,s6ps-f03199f3e7189f9b,1,UNKNOWN,0.298208,s6setup-dc2887ba620b0c0442bf,2025-09-09,0.055419,25.38,BOX,BOX,"[""BOX""]",BOX,1.4560170000000001,68,s6trade-ba6c80269a9c0cbea6f9
NONE,BOX_BREAKOUT_READY,[],BROOKS_FAILED,WATCH_CANDIDATE,002475,10.0,False,2025-10-23,59.3593,2025-11-11,56.38356,STOP,False,MARKET_NEUTRAL,False,-310.508914,-0.05231007,s6ps-f03199f3e7189f9b,1,UNKNOWN,-1.019333,s6setup-278336658c72358f4295,2025-10-22,0.115743,56.44,BOX,BOX,"[""BOX""]",BOX,2.934921,71,s6trade-4d6eade55192b7c3fe1e
NONE,BOX_BREAKOUT_READY,[],BROOKS_CONTEXT_REJECT,WATCH_CANDIDATE,002497,10.0,False,2025-12-02,22.47245,2025-12-04,20.5794,STOP,False,MARKET_STRONG,False,-200.377016,-0.08916563,s6ps-f03199f3e7189f9b,1,UNKNOWN,-1.011002,s6setup-b61ee20491e865eaa98a,2025-12-01,0.043052,20.6,BOX,BOX,"[""BOX""]",BOX,1.072022,63,s6trade-b18345fba74d2f9998ef
NONE,BOX_BREAKOUT_READY,[],BROOKS_CONTEXT_REJECT,WATCH_CANDIDATE,002518,10.0,False,2025-03-10,27.74772,2025-03-24,26.12385,STOP,False,MARKET_STRONG,False,-173.747066,-0.0626167,s6ps-f03199f3e7189f9b,1,UNKNOWN,-1.016367,s6setup-efe52db6cbf333d06fe7,2025-03-07,0.053872,26.15,BOX,BOX,"[""BOX""]",BOX,1.3600649999999999,64,s6trade-c2a00d17392a6c52e9bf
NONE,BOX_STABLE,[],BROOKS_CONTEXT_REJECT,WATCH_CANDIDATE,002518,10.0,False,2025-03-11,27.57755,2025-03-24,26.30367,STOP,False,MARKET_STRONG,True,-138.757077,-0.05031523,s6ps-f03199f3e7189f9b,2,UNKNOWN,-1.021105,s6setup-f206f39667a370bf3be5,2025-03-10,0.053881,26.33,BOTH,MULTI,"[""ORIGINAL"", ""BOX""]",ORIGINAL,1.369065,74,s6trade-190c3a35dd80e5f30b34
NONE,BOX_SUPPORT_READY,[],BROOKS_FAILED,WATCH_CANDIDATE,002536,10.0,False,2025-03-11,16.8168,2025-03-24,15.76422,STOP,False,MARKET_STRONG,False,-116.078786,-0.06902549,s6ps-f03199f3e7189f9b,1,UNKNOWN,-1.01522,s6setup-f1e5726770c12a03fc53,2025-03-10,0.032581,15.78,BOX,BOX,"[""BOX""]",BOX,0.820792,68,s6trade-bf2510de3649e9fbbf97
BOX_COMPACT_READY,BOX_SUPPORT_READY,"[""ORDERLY_COMPRESSION_AT_SUPPORT""]",ORDERLY_COMPRESSION_AT_SUPPORT,WATCH_CANDIDATE,002549,10.0,True,2025-07-18,11.22121,2025-08-13,13.97601,TARGET,False,MARKET_STRONG,False,264.756,0.23594247,s6ps-f03199f3e7189f9b,1,UNKNOWN,4.043981,s6setup-94d323a8e87e2f5f2975,2025-07-17,0.025197,10.54,BOX,BOX,"[""BOX""]",BOX,0.723998,75,s6trade-806750160469e20a7103
NONE,BOX_SUPPORT_READY,[],BROOKS_CONTEXT_REJECT,WATCH_CANDIDATE,002570,10.0,False,2025-08-19,7.19719,2025-09-03,6.70329,STOP,False,MARKET_STRONG,False,-59.739066,-0.08300332,s6ps-f03199f3e7189f9b,1,UNKNOWN,-1.013773,s6setup-fb7486452e9473d13c9e,2025-08-18,0.0139,6.71,BOX,BOX,"[""BOX""]",BOX,0.34906400000000004,74,s6trade-e5859d6ec21985523fcf
BOX_COMPACT_READY,BOX_STABLE,"[""MICRO_DOUBLE_BOTTOM"", ""FAILED_BEAR_BREAKOUT""]",BROOKS_CONTEXT_REJECT,WATCH_CANDIDATE,002582,10.0,True,2025-03-20,10.23022,2025-03-28,9.50049,STOP,False,MARKET_STRONG,True,-83.467751,-0.0815894,s6ps-f03199f3e7189f9b,2,UNKNOWN,-1.013204,s6setup-a64be5b2f42331849268,2025-03-19,0.019731,9.51,BOTH,MULTI,"[""ORIGINAL"", ""BOX""]",ORIGINAL,0.494756,71,s6trade-2239825cdaf4e735ad9f
NONE,BOX_SUPPORT_READY,"[""BEAR_FOLLOW_THROUGH_FAILED""]",BROOKS_FAILED,KEY_CANDIDATE,002600,10.0,False,2024-11-11,8.48848,2024-11-25,7.8921,STOP,False,MARKET_STRONG,True,-70.048983,-0.08252241,s6ps-f03199f3e7189f9b,2,UNKNOWN,-1.013424,s6setup-683787f79104f8ee2e19,2024-11-08,0.016381,7.9,BOTH,MULTI,"[""ORIGINAL"", ""BOX""]",ORIGINAL,0.41098599999999996,76,s6trade-9d994504b1a6e6a249e5
NONE,BOX_BREAKOUT_READY,"[""FAILED_BEAR_BREAKOUT""]",FAILED_BEAR_BREAKOUT,KEY_CANDIDATE,002600,10.0,False,2025-09-16,14.47446,2025-10-22,14.70528,MAX_HOLDING,False,MARKET_STRONG,False,12.317563,0.00850986,s6ps-f03199f3e7189f9b,1,UNKNOWN,0.208989,s6setup-15c1604499c396f1967b,2025-09-15,0.02918,13.37,BOX,BOX,"[""BOX""]",BOX,0.764444,76,s6trade-ccb6ff31053e1a2255ca
NONE,BOX_FORMING,[],BROOKS_FAILED,WATCH_CANDIDATE,002664,10.0,False,2025-03-11,18.89888,2025-03-13,18.07191,STOP,False,MARKET_STRONG,False,-93.637563,-0.04954662,s6ps-f03199f3e7189f9b,1,UNKNOWN,-1.022364,s6setup-5aabe4ff777a59307a84,2025-03-10,0.036971,18.09,ORIGINAL,ORIGINAL,"[""ORIGINAL""]",ORIGINAL,0.940566,74,s6trade-c232de5ebe99564119a7
BOX_COMPACT_READY,BOX_STABLE,"[""MICRO_DOUBLE_BOTTOM"", ""FAILED_BEAR_BREAKOUT""]",BROOKS_CONTEXT_REJECT,WATCH_CANDIDATE,002709,10.0,True,2025-10-22,34.336302,2025-11-10,45.57438,TARGET,False,MARKET_NEUTRAL,False,1111.449168,0.32369507,s6ps-f03199f3e7189f9b,1,UNKNOWN,4.262819,s6setup-0c843cc5db500181bac6,2025-10-21,0.079911,31.7,BOX,BOX,"[""BOX""]",BOX,2.3586300000000002,70,s6trade-6214cc3d6d69492e5834
NONE,BOX_SUPPORT_READY,"[""MICRO_DOUBLE_BOTTOM"", ""FAILED_BEAR_BREAKOUT""]",FAILED_BEAR_BREAKOUT,WATCH_CANDIDATE,002716,10.0,False,2025-07-31,4.51451,2025-08-26,5.42457,TARGET,False,MARKET_STRONG,True,80.724834,0.17881195,s6ps-f03199f3e7189f9b,2,UNKNOWN,5.531943,s6setup-eec3a4d42e6b845df250,2025-07-30,0.009939,4.35,BOX,MULTI,"[""BOX"", ""BROOKS""]",BROOKS,0.281167,75,s6trade-adfa7248b4b3e492b6d8
NONE,BOX_SUPPORT_READY,[],BROOKS_FAILED,WATCH_CANDIDATE,002759,10.0,False,2025-10-28,22.56254,2025-10-31,30.43953,TARGET,False,MARKET_STRONG,False,776.12403,0.34398788,s6ps-f03199f3e7189f9b,1,UNKNOWN,4.4439,s6setup-6f1bae332badff38d281,2025-10-27,0.053002,20.79,BOX,BOX,"[""BOX""]",BOX,1.574978,68,s6trade-67a6a4d1b44d54c73fb6
NONE,BOX_FORMING,"[""FAILED_BEAR_BREAKOUT""]",BROOKS_CONTEXT_REJECT,WATCH_CANDIDATE,002837,10.0,False,2025-03-11,45.2452,2025-03-24,43.13682,STOP,False,MARKET_STRONG,False,-223.083223,-0.04930539,s6ps-f03199f3e7189f9b,1,UNKNOWN,-1.020908,s6setup-1282cc1d601a891eee3b,2025-03-10,0.088382,43.18,ORIGINAL,ORIGINAL,"[""ORIGINAL""]",ORIGINAL,2.245223,71,s6trade-c9fa2ba653dcf5bb13f0
BOX_COMPACT_READY,BOX_SUPPORT_READY,"[""MICRO_DOUBLE_BOTTOM"", ""FAILED_BEAR_BREAKOUT"", ""ORDERLY_COMPRESSION_AT_SUPPORT""]",BROOKS_FAILED_BREAKOUT_READY,KEY_CANDIDATE,002941,10.0,True,2025-10-31,18.72871,2025-11-06,17.32266,STOP,False,MARKET_STRONG,True,-151.507192,-0.08089569,s6ps-f03199f3e7189f9b,3,UNKNOWN,-1.012486,s6setup-a39177bc86e1234db634,2025-10-30,0.036051,17.34,BOTH,MULTI,"[""ORIGINAL"", ""BOX"", ""BROOKS""]",ORIGINAL,0.9021840000000001,76,s6trade-76b80ec0e2036635daa1
BOX_COMPACT_READY,BOX_SUPPORT_READY,"[""MICRO_DOUBLE_BOTTOM"", ""FAILED_BEAR_BREAKOUT"", ""ORDERLY_COMPRESSION_AT_SUPPORT""]",BROOKS_FAILED_BREAKOUT_READY,KEY_CANDIDATE,002941,10.0,True,2025-11-04,18.3183,2025-11-06,17.46252,STOP,False,MARKET_STRONG,True,-96.486901,-0.05267241,s6ps-f03199f3e7189f9b,3,UNKNOWN,-1.020852,s6setup-95b0f66b91a78501b282,2025-11-03,0.035781,17.48,BOTH,MULTI,"[""ORIGINAL"", ""BOX"", ""BROOKS""]",ORIGINAL,0.9089069999999999,77,s6trade-e3bc22abd4a4bbee6d03
NONE,BOX_FORMING,"[""BEAR_FOLLOW_THROUGH_FAILED""]",BROOKS_FAILED,KEY_CANDIDATE,002979,10.0,False,2024-11-26,28.29827,2024-11-27,26.86311,STOP_GAP,False,MARKET_NEUTRAL,False,-154.914323,-0.05474339,s6ps-f03199f3e7189f9b,1,UNKNOWN,-1.207773,s6setup-313394d2517122d09fe9,2024-11-25,0.055161,27.11,ORIGINAL,ORIGINAL,"[""ORIGINAL""]",ORIGINAL,1.3983160000000001,75,s6trade-0975f194b040cda53bab
NONE,BOX_SUPPORT_READY,"[""FAILED_BEAR_BREAKOUT""]",FAILED_BEAR_BREAKOUT,WATCH_CANDIDATE,300001,10.0,False,2025-10-29,27.87785,2025-11-21,26.35362,STOP,False,MARKET_STRONG,False,-163.794914,-0.0587545,s6ps-f03199f3e7189f9b,1,UNKNOWN,-1.017612,s6setup-8e6c71012fb3d3d76322,2025-10-28,0.054231,26.38,BOX,BOX,"[""BOX""]",BOX,1.371912,74,s6trade-46e6906923f773293a34
NONE,BOX_SUPPORT_READY,"[""MICRO_DOUBLE_BOTTOM"", ""SECOND_ENTRY_LONG_READY"", ""FAILED_BEAR_BREAKOUT""]",BROOKS_SUPPORT_READY,WATCH_CANDIDATE,300009,10.0,False,2025-08-27,11.46145,2025-08-28,10.8891,STOP_GAP,True,MARKET_STRONG,True,-67.801801,-0.05915639,s6ps-f03199f3e7189f9b,2,VCP,-1.0379,s6setup-993ceb978dfc476a231f,2025-08-26,0.022351,10.91,BOX,MULTI,"[""BOX"", ""BROOKS""]",BROOKS,0.566806,88,s6trade-ec3bfbbfbd62b9339209
NONE,BOX_BREAKOUT_READY,"[""FAILED_BEAR_BREAKOUT""]",FAILED_BEAR_BREAKOUT,WATCH_CANDIDATE,300035,10.0,False,2025-09-26,22.57255,2025-10-13,21.12885,STOP_GAP,False,MARKET_STRONG,False,-155.470154,-0.06887576,s6ps-f03199f3e7189f9b,1,UNKNOWN,-1.134494,s6setup-05c1b4d829f66812bd4e,2025-09-25,0.043701,21.3,BOX,BOX,"[""BOX""]",BOX,1.100144,72,s6trade-ffee928af08b2d9025f3
NONE,BOX_FORMING,"[""FAILED_BEAR_BREAKOUT""]",FAILED_BEAR_BREAKOUT,KEY_CANDIDATE,300046,10.0,False,2024-11-13,44.739695,2024-11-18,39.265695,STOP_GAP,False,MARKET_STRONG,False,-559.447292,-0.12504495,s6ps-f03199f3e7189f9b,1,UNKNOWN,-1.079749,s6setup-80d778573b45a6448eaf,2024-11-12,0.084005,39.67,ORIGINAL,ORIGINAL,"[""ORIGINAL""]",ORIGINAL,2.04729,78,s6trade-f0b2662837e760709ede
NONE,BOX_FORMING,"[""BEAR_FOLLOW_THROUGH_FAILED""]",BROOKS_CONTEXT_REJECT,KEY_CANDIDATE,300061,10.0,False,2024-11-12,18.09808,2024-11-14,16.15383,STOP,False,MARKET_STRONG,False,-205.266939,-0.11341918,s6ps-f03199f3e7189f9b,1,UNKNOWN,-1.008387,s6setup-da799d9c466c9a1bd1c9,2024-11-11,0.034252,16.17,ORIGINAL,ORIGINAL,"[""ORIGINAL""]",ORIGINAL,0.841943,76,s6trade-613d5bfb9db4263c21f4
NONE,BOX_SUPPORT_READY,"[""FAILED_BEAR_BREAKOUT""]",FAILED_BEAR_BREAKOUT,KEY_CANDIDATE,300065,10.0,False,2025-03-13,12.00199,2025-03-14,14.86512,TARGET,False,MARKET_STRONG,True,275.542875,0.22958099,s6ps-f03199f3e7189f9b,2,UNKNOWN,3.483169,s6setup-7ad83946d6b5e7a18b02,2025-03-12,0.026867,11.18,BOX,MULTI,"[""BOX"", ""BROOKS""]",BROOKS,0.770123,79,s6trade-abef631161c0b1293b11
NONE,BOX_SUPPORT_READY,"[""FAILED_BEAR_BREAKOUT"", ""BEAR_FOLLOW_THROUGH_FAILED""]",BROOKS_FAILED_BREAKOUT_READY,WATCH_CANDIDATE,300067,10.0,False,2024-05-20,4.83483,2024-05-22,4.44555,STOP,False,MARKET_STRONG,True,-49.15956,-0.10167795,s6ps-f03199f3e7189f9b,2,UNKNOWN,-1.011564,s6setup-be0b960820e1965a8848,2024-05-17,0.00928,4.45,BOX,MULTI,"[""BOX"", ""BROOKS""]",BROOKS,0.231558,66,s6trade-60a70362ba5666e88aef
NONE,BOX_FORMING,[],BROOKS_FAILED,KEY_CANDIDATE,300067,10.0,False,2024-11-11,6.11611,2024-11-18,5.61438,STOP,False,MARKET_STRONG,False,-60.465448,-0.09886259,s6ps-f03199f3e7189f9b,1,UNKNOWN,-1.011328,s6setup-00fcccb83fb3b2701a5b,2024-11-08,0.01173,5.62,ORIGINAL,ORIGINAL,"[""ORIGINAL""]",ORIGINAL,0.292449,80,s6trade-c36c9b11a9caa1e25cd6
NONE,BOX_SUPPORT_READY,[],BROOKS_FAILED,WATCH_CANDIDATE,300085,10.0,False,2024-11-14,49.5495,2024-12-12,49.63032,MAX_HOLDING,False,MARKET_STRONG,False,-4.498698,-0.00090792,s6ps-f03199f3e7189f9b,1,UNKNOWN,0.010349,s6setup-e42a370d8980d8402bcb,2024-11-13,0.09918,41.74,BOX,BOX,"[""BOX""]",BOX,2.580696,64,s6trade-222945a29ba0c9435d15
NONE,BOX_SUPPORT_READY,"[""MICRO_DOUBLE_BOTTOM"", ""FAILED_BEAR_BREAKOUT""]",BROOKS_CONTEXT_REJECT,KEY_CANDIDATE,300102,10.0,False,2024-11-13,13.4134,2024-11-18,11.96802,STOP,False,MARKET_STRONG,False,-155.161785,-0.1156767,s6ps-f03199f3e7189f9b,1,UNKNOWN,-1.008358,s6setup-5c64756c89da797ce137,2024-11-12,0.025381,11.98,BOX,BOX,"[""BOX""]",BOX,0.623782,75,s6trade-6433f204392a441a4ad9
NONE,BOX_SUPPORT_READY,[],BROOKS_FAILED,WATCH_CANDIDATE,300124,10.0,False,2025-03-14,72.32225,2025-03-24,68.89104,STOP,False,MARKET_NEUTRAL,False,-356.706789,-0.04932186,s6ps-f03199f3e7189f9b,1,UNKNOWN,-1.02051,s6setup-5f1e06d6e268d09e8023,2025-03-13,0.141213,68.96,BOX,BOX,"[""BOX""]",BOX,3.585765,72,s6trade-c8ea291216bc7f9d06e3
BOX_COMPACT_READY,BOX_BREAKOUT_READY,"[""FAILED_BEAR_BREAKOUT"", ""ORDERLY_COMPRESSION_AT_SUPPORT""]",FAILED_BEAR_BREAKOUT,WATCH_CANDIDATE,300131,10.0,True,2024-12-09,8.1081,2025-01-07,9.0909,MAX_HOLDING,False,MARKET_STRONG,False,87.808258,0.10829696,s6ps-f03199f3e7189f9b,1,UNKNOWN,1.516433,s6setup-8d7f3cd60a44c38e966c,2024-12-06,0.017199,7.46,BOX,BOX,"[""BOX""]",BOX,0.471744,71,s6trade-3b6c84b6abb86fa8d574
NONE,BOX_FORMING,[],BROOKS_FAILED,KEY_CANDIDATE,300139,10.0,False,2024-11-01,19.43942,2024-11-15,17.45253,STOP,False,MARKET_STRONG,False,-209.598509,-0.10782138,s6ps-f03199f3e7189f9b,1,UNKNOWN,-1.008871,s6setup-03ac53b95d0ed4d67393,2024-10-31,0.036892,17.47,ORIGINAL,ORIGINAL,"[""ORIGINAL""]",ORIGINAL,0.909518,81,s6trade-ca4a73d901cbd107846f
NONE,BOX_SUPPORT_READY,[],BROOKS_FAILED,WATCH_CANDIDATE,300139,10.0,False,2024-11-04,18.33832,2024-11-15,17.17281,STOP,False,MARKET_NEUTRAL,False,-127.445144,-0.06949663,s6ps-f03199f3e7189f9b,1,UNKNOWN,-1.01497,s6setup-06fe080981f712a2689e,2024-11-01,0.035511,17.19,BOX,BOX,"[""BOX""]",BOX,0.8941509999999999,71,s6trade-6ee9656a84e16154db7d
BOX_COMPACT_READY,BOX_SUPPORT_READY,"[""FAILED_BEAR_BREAKOUT""]",BROOKS_CONTEXT_REJECT,KEY_CANDIDATE,300183,10.0,True,2025-03-21,21.015995,2025-03-24,19.37061,STOP,False,MARKET_STRONG,False,-175.547426,-0.08353039,s6ps-f03199f3e7189f9b,1,UNKNOWN,-1.011925,s6setup-314c58c296b156d1537c,2025-03-20,0.040387,19.39,BOX,BOX,"[""BOX""]",BOX,1.008918,76,s6trade-f3af4a7ffc7ca0c15b35
BOX_COMPACT_READY,BOX_SUPPORT_READY,"[""MICRO_DOUBLE_BOTTOM"", ""FAILED_BEAR_BREAKOUT""]",BROOKS_CONTEXT_REJECT,KEY_CANDIDATE,300199,10.0,True,2025-06-30,16.29628,2025-07-28,19.10088,MAX_HOLDING,False,MARKET_STRONG,True,269.469566,0.16535649,s6ps-f03199f3e7189f9b,2,UNKNOWN,2.425537,s6setup-98b6d5982ad98654f26b,2025-06-27,0.035397,15.14,BOTH,MULTI,"[""ORIGINAL"", ""BOX""]",ORIGINAL,0.990441,78,s6trade-955b249a27fb9da5e4d4
NONE,BOX_SUPPORT_READY,[],BROOKS_FAILED,WATCH_CANDIDATE,300204,10.0,False,2025-06-26,33.033,2025-07-01,44.5554,TARGET,False,MARKET_STRONG,False,1139.934641,0.34508965,s6ps-f03199f3e7189f9b,1,UNKNOWN,2.465739,s6setup-9c182d59a5d74d9b9c2f,2025-06-25,0.077588,28.36,BOX,BOX,"[""BOX""]",BOX,2.305358,62,s6trade-18ab1e9d0a868144d2d9
NONE,BOX_SUPPORT_READY,[],BROOKS_FAILED,WATCH_CANDIDATE,300210,10.0,False,2024-03-19,12.8128,2024-03-27,11.40858,STOP,False,MARKET_STRONG,False,-151.016645,-0.11786389,s6ps-f03199f3e7189f9b,1,UNKNOWN,-1.008199,s6setup-86918b98cb309eb4bbcc,2024-03-18,0.024221,11.42,BOX,BOX,"[""BOX""]",BOX,0.59465,69,s6trade-e87e0c3cd0624d477a7f
NONE,BOX_SUPPORT_READY,[],BROOKS_FAILED,WATCH_CANDIDATE,300210,10.0,False,2024-03-20,12.80279,2024-03-26,11.62836,STOP,False,MARKET_STRONG,False,-128.048845,-0.10001636,s6ps-f03199f3e7189f9b,1,UNKNOWN,-1.01001,s6setup-179339c621cd4c0f40fb,2024-03-19,0.024431,11.64,BOX,BOX,"[""BOX""]",BOX,0.605849,70,s6trade-9083d6d16fe228c8e3aa
BOX_COMPACT_READY,BOX_SUPPORT_READY,"[""MICRO_DOUBLE_BOTTOM"", ""FAILED_BEAR_BREAKOUT"", ""ORDERLY_COMPRESSION_AT_SUPPORT""]",BROOKS_FAILED_BREAKOUT_READY,WATCH_CANDIDATE,300210,10.0,True,2024-03-25,12.96295,2024-03-26,11.93805,STOP,False,MARKET_STRONG,True,-113.111798,-0.08725776,s6ps-f03199f3e7189f9b,2,UNKNOWN,-1.011797,s6setup-34ead3d1be0fa4bc244f,2024-03-22,0.024901,11.95,BOX,MULTI,"[""BOX"", ""BROOKS""]",BROOKS,0.6218039999999999,74,s6trade-0a62b2b0d5eba5962386
NONE,BOX_SUPPORT_READY,[],BROOKS_FAILED,WATCH_CANDIDATE,300258,10.0,False,2025-03-31,14.416402,2025-04-01,13.638348,STOP_GAP,True,MARKET_WEAK,False,-88.515368,-0.06139907,s6ps-f03199f3e7189f9b,1,UNKNOWN,-1.117248,s6setup-067f3d614b1a9b2ca067,2025-03-28,0.028055,13.72,BOX,BOX,"[""BOX""]",BOX,0.709972,71,s6trade-e70c2ef70c0829aec65d
NONE,BOX_BREAKOUT_READY,[],BROOKS_CONTEXT_REJECT,WATCH_CANDIDATE,300276,10.0,False,2024-12-26,10.72071,2024-12-31,9.44055,STOP_GAP,False,MARKET_NEUTRAL,False,-138.508185,-0.12919684,s6ps-f03199f3e7189f9b,1,UNKNOWN,-1.031796,s6setup-6def61aaa26d7a0e6f00,2024-12-25,0.020161,9.48,BOX,BOX,"[""BOX""]",BOX,0.49218799999999996,72,s6trade-0ae4f99c717d747ff628
NONE,BOX_SUPPORT_READY,"[""MICRO_DOUBLE_BOTTOM"", ""FAILED_BEAR_BREAKOUT"", ""BEAR_FOLLOW_THROUGH_FAILED""]",BROOKS_CONTEXT_REJECT,WATCH_CANDIDATE,300293,10.0,False,2024-10-30,28.23821,2024-11-11,39.10086,TARGET,False,MARKET_STRONG,False,1074.242616,0.38042164,s6ps-f03199f3e7189f9b,1,UNKNOWN,3.323731,s6setup-2f57feeea609bcb0e16b,2024-10-29,0.067339,24.97,BOX,BOX,"[""BOX""]",BOX,2.022382,71,s6trade-d5f98208292699b1b545
NONE,BOX_SUPPORT_READY,"[""MICRO_DOUBLE_BOTTOM"", ""FAILED_BEAR_BREAKOUT""]",BROOKS_CONTEXT_REJECT,WATCH_CANDIDATE,300307,10.0,False,2025-03-13,9.61961,2025-04-03,9.01098,STOP,False,MARKET_STRONG,False,-71.332179,-0.07415288,s6ps-f03199f3e7189f9b,1,UNKNOWN,-1.015043,s6setup-c4931d99b7cb67258402,2025-03-12,0.018631,9.02,BOX,BOX,"[""BOX""]",BOX,0.46918,73,s6trade-3291ef6d6e7332b48972
NONE,BOX_SUPPORT_READY,[],BROOKS_FAILED,WATCH_CANDIDATE,300377,10.0,False,2024-12-16,33.1331,2024-12-18,30.19977,STOP,False,MARKET_STRONG,False,-304.906326,-0.09202469,s6ps-f03199f3e7189f9b,1,UNKNOWN,-1.010413,s6setup-861e18604179a7947c08,2024-12-13,0.063333,30.23,BOX,BOX,"[""BOX""]",BOX,1.5733210000000002,68,s6trade-83ba28a2a02218d5df49
NONE,BOX_SUPPORT_READY,[],BROOKS_CONTEXT_REJECT,WATCH_CANDIDATE,300390,0.0,False,2025-12-05,49.86982,,0.0,UNRESOLVED_NO_EXIT_BAR,False,MARKET_WEAK,False,0.0,0.0,s6ps-f03199f3e7189f9b,1,UNKNOWN,0.0,s6setup-febba4e8286185632756,2025-12-04,0.0,45.01,BOX,BOX,"[""BOX""]",BOX,0.0,73,s6trade-a81ee419bf4820e79160
NONE,BOX_FORMING,"[""MICRO_DOUBLE_BOTTOM"", ""SECOND_ENTRY_LONG_READY"", ""FAILED_BEAR_BREAKOUT""]",BROOKS_SUPPORT_READY,KEY_CANDIDATE,300394,10.0,False,2025-09-19,129.772643,2025-10-09,116.24364,STOP,False,MARKET_STRONG,False,-1368.958504,-0.10548899,s6ps-f03199f3e7189f9b,1,UNKNOWN,-1.008675,s6setup-8617597dc0fa1383b10d,2025-09-18,0.246016,116.36,NONE,BROOKS,"[""BROOKS""]",BROOKS,6.058198,77,s6trade-43a93fb200d2adccbe69
NONE,BOX_FORMING,"[""MICRO_DOUBLE_BOTTOM"", ""FAILED_BEAR_BREAKOUT""]",BROOKS_FAILED_BREAKOUT_READY,KEY_CANDIDATE,300394,10.0,False,2025-09-24,128.371243,2025-09-29,120.808071,STOP_GAP,False,MARKET_STRONG,True,-772.606819,-0.06018535,s6ps-f03199f3e7189f9b,2,UNKNOWN,-1.133698,s6setup-cac8a1d8746ec62e8f7e,2025-09-23,0.249179,121.7,ORIGINAL,MULTI,"[""ORIGINAL"", ""BROOKS""]",ORIGINAL,6.2895829999999995,78,s6trade-4245c1a448acbb48c21c
NONE,BOX_SUPPORT_READY,"[""FAILED_BEAR_BREAKOUT""]",FAILED_BEAR_BREAKOUT,WATCH_CANDIDATE,300397,10.0,False,2024-11-13,13.89388,2024-11-15,13.35663,STOP,False,MARKET_STRONG,False,-64.420086,-0.0463658,s6ps-f03199f3e7189f9b,1,UNKNOWN,-1.025521,s6setup-d1889779ea60fdef1231,2024-11-12,0.027251,13.37,BOX,BOX,"[""BOX""]",BOX,0.695083,72,s6trade-5b4bc8706d8fce22eac8
BOX_COMPACT_READY,BOX_SUPPORT_READY,[],BROOKS_FAILED,WATCH_CANDIDATE,300424,10.0,True,2024-11-14,20.66064,2024-11-15,19.09089,STOP,False,MARKET_STRONG,False,-167.969288,-0.08129917,s6ps-f03199f3e7189f9b,1,UNKNOWN,-1.012324,s6setup-be858b46ff0d049233b9,2024-11-13,0.039752,19.11,BOX,BOX,"[""BOX""]",BOX,0.994297,74,s6trade-3e0ad66fbaa302aadd43
BOX_COMPACT_READY,BOX_STABLE,"[""MICRO_DOUBLE_BOTTOM"", ""FAILED_BEAR_BREAKOUT""]",BROOKS_CONTEXT_REJECT,WATCH_CANDIDATE,300450,10.0,True,2025-07-10,23.73371,2025-07-22,26.48349,TARGET,False,MARKET_STRONG,False,263.6036,0.11106717,s6ps-f03199f3e7189f9b,1,UNKNOWN,3.799561,s6setup-adf6c601c300982c2d25,2025-07-09,0.050217,23.01,BOX,BOX,"[""BOX""]",BOX,1.374392,72,s6trade-fee0debaa49127407659
NONE,BOX_SUPPORT_READY,"[""BEAR_FOLLOW_THROUGH_FAILED""]",BROOKS_CONTEXT_REJECT,KEY_CANDIDATE,300454,10.0,False,2025-11-18,119.009891,2025-11-21,111.80808,STOP,False,MARKET_NEUTRAL,False,-736.002271,-0.06184379,s6ps-f03199f3e7189f9b,1,PLATFORM,-1.015786,s6setup-478345d5e6f6770a72b4,2025-11-17,0.230818,111.92,BOX,BOX,"[""BOX""]",BOX,5.821222000000001,89,s6trade-4172723d4048cf147c3b
NONE,BOX_SUPPORT_READY,"[""BEAR_FOLLOW_THROUGH_FAILED""]",BROOKS_FAILED,KEY_CANDIDATE,300457,10.0,False,2025-07-08,21.13111,2025-08-05,20.71926,MAX_HOLDING,False,MARKET_STRONG,False,-52.262814,-0.02473264,s6ps-f03199f3e7189f9b,1,UNKNOWN,-0.26214,s6setup-299bd8ef7828db0ae0df,2025-07-07,0.04185,19.56,BOX,BOX,"[""BOX""]",BOX,1.077813,75,s6trade-8900c1a03d73db5a5d44
NONE,BOX_STABLE,[],BROOKS_CONTEXT_REJECT,WATCH_CANDIDATE,300459,10.0,False,2024-12-20,7.31731,2024-12-23,6.78321,STOP,False,MARKET_STRONG,False,-63.763259,-0.0871403,s6ps-f03199f3e7189f9b,1,UNKNOWN,-1.012877,s6setup-dbc04670d4bf601779fa,2024-12-19,0.014101,6.79,BOX,BOX,"[""BOX""]",BOX,0.353261,73,s6trade-0d51e3bbe2d956beaa2a
NONE,BOX_SUPPORT_READY,[],BROOKS_CONTEXT_REJECT,WATCH_CANDIDATE,300469,10.0,False,2025-10-09,77.69762,2025-10-10,72.90702,STOP,True,MARKET_STRONG,False,-492.855972,-0.06343257,s6ps-f03199f3e7189f9b,1,UNKNOWN,-1.01547,s6setup-9b076a7334c850f93fd0,2025-09-30,0.150605,72.98,BOX,BOX,"[""BOX""]",BOX,3.795956,69,s6trade-53b1db4a57ad758673ae
NONE,BOX_SUPPORT_READY,"[""MICRO_DOUBLE_BOTTOM"", ""FAILED_BEAR_BREAKOUT"", ""BEAR_FOLLOW_THROUGH_FAILED""]",BROOKS_CONTEXT_REJECT,WATCH_CANDIDATE,300473,10.0,False,2025-03-18,31.26123,2025-03-24,28.52145,STOP,False,MARKET_STRONG,False,-285.46386,-0.09131562,s6ps-f03199f3e7189f9b,1,UNKNOWN,-1.01053,s6setup-4269b9bb4f194278f827,2025-03-17,0.059783,28.55,BOX,BOX,"[""BOX""]",BOX,1.4858559999999998,75,s6trade-70b5fdccc2449c1f0a23
NONE,BOX_SUPPORT_READY,"[""MICRO_DOUBLE_BOTTOM"", ""FAILED_BEAR_BREAKOUT""]",BROOKS_CONTEXT_REJECT,WATCH_CANDIDATE,300473,10.0,False,2025-03-19,30.6306,2025-03-24,28.52145,STOP,False,MARKET_STRONG,False,-222.40021,-0.0726072,s6ps-f03199f3e7189f9b,1,UNKNOWN,-1.013722,s6setup-18307867e16b3953aa40,2025-03-18,0.059152,28.55,BOX,BOX,"[""BOX""]",BOX,1.485225,75,s6trade-ba1100e323a1638783ee
NONE,BOX_STABLE,[],BROOKS_CONTEXT_REJECT,WATCH_CANDIDATE,300503,10.0,False,2024-12-27,21.348327,2024-12-31,19.47051,STOP,False,MARKET_NEUTRAL,False,-198.796048,-0.0931202,s6ps-f03199f3e7189f9b,1,UNKNOWN,-1.010488,s6setup-4be758aa7cd2b076adfe,2024-12-26,0.040819,19.49,BOX,BOX,"[""BOX""]",BOX,1.014345,72,s6trade-a86fd9040e3473a5a06a
NONE,BOX_STABLE,[],BROOKS_FAILED,WATCH_CANDIDATE,300503,10.0,False,2025-03-18,27.774747,2025-03-24,26.11386,STOP,False,MARKET_STRONG,False,-177.448276,-0.06388835,s6ps-f03199f3e7189f9b,1,UNKNOWN,-1.01599,s6setup-b365884df694ce2f0407,2025-03-17,0.053889,26.14,BOX,BOX,"[""BOX""]",BOX,1.359582,63,s6trade-50457b1f289ed7474768
NONE,BOX_SUPPORT_READY,"[""BEAR_FOLLOW_THROUGH_FAILED""]",BROOKS_CONTEXT_REJECT,WATCH_CANDIDATE,300507,10.0,False,2025-10-21,9.38938,2025-11-17,8.84115,STOP,False,MARKET_NEUTRAL,False,-65.283289,-0.06952886,s6ps-f03199f3e7189f9b,1,UNKNOWN,-1.016408,s6setup-3aa58fbead45c91c50b2,2025-10-20,0.018231,8.85,BOX,BOX,"[""BOX""]",BOX,0.460289,73,s6trade-8e4ac431677fe4e94925
NONE,BOX_STABLE,"[""BEAR_FOLLOW_THROUGH_FAILED""]",BROOKS_FAILED,WATCH_CANDIDATE,300507,10.0,False,2025-10-22,9.9099,2025-10-28,9.37062,STOP,False,MARKET_NEUTRAL,False,-64.415817,-0.06500148,s6ps-f03199f3e7189f9b,1,UNKNOWN,-1.017701,s6setup-f26a8499b91549be5903,2025-10-21,0.019281,9.38,BOX,BOX,"[""BOX""]",BOX,0.48781199999999997,74,s6trade-ada5bb68ca591813dcde
NONE,BOX_BREAKOUT_READY,"[""BEAR_FOLLOW_THROUGH_FAILED""]",BROOKS_CONTEXT_REJECT,WATCH_CANDIDATE,300520,10.0,False,2025-11-18,39.07904,2025-11-21,35.3646,STOP,False,MARKET_NEUTRAL,False,-383.286677,-0.09807986,s6ps-f03199f3e7189f9b,1,UNKNOWN,-1.009622,s6setup-db0db0e777752f50b52f,2025-11-17,0.074444,35.4,BOX,BOX,"[""BOX""]",BOX,1.842674,74,s6trade-d8f335c48e983f3a0c5f
NONE,BOX_SUPPORT_READY,"[""BEAR_FOLLOW_THROUGH_FAILED""]",BROOKS_FAILED,WATCH_CANDIDATE,300533,10.0,False,2025-07-24,36.46643,2025-08-04,34.11585,STOP,False,MARKET_STRONG,False,-246.834373,-0.06768811,s6ps-f03199f3e7189f9b,1,UNKNOWN,-1.014743,s6setup-d305e702383d30689c52,2025-07-23,0.070582,34.15,BOX,BOX,"[""BOX""]",BOX,1.776374,70,s6trade-3ab3e26ca504170f9ab2
NONE,BOX_SUPPORT_READY,"[""FAILED_BEAR_BREAKOUT""]",FAILED_BEAR_BREAKOUT,WATCH_CANDIDATE,300539,10.0,False,2025-10-24,50.56051,2025-11-04,46.03392,STOP,False,MARKET_WEAK,False,-465.05729,-0.09198034,s6ps-f03199f3e7189f9b,1,UNKNOWN,-1.010285,s6setup-99d7bb8dad8b230a03d0,2025-10-23,0.096594,46.08,BOX,BOX,"[""BOX""]",BOX,2.3982900000000003,65,s6trade-978d78265395f72f93cb
NONE,BOX_SUPPORT_READY,[],BROOKS_FAILED,WATCH_CANDIDATE,300539,10.0,False,2025-10-27,50.60055,2025-11-04,45.89406,STOP,False,MARKET_STRONG,False,-483.040187,-0.09546145,s6ps-f03199f3e7189f9b,1,UNKNOWN,-1.009857,s6setup-a5a86bfd984507ceb868,2025-10-24,0.096495,45.94,BOX,BOX,"[""BOX""]",BOX,2.391198,65,s6trade-8f64efb31c1c29bea1d2
NONE,BOX_BREAKOUT_READY,[],BROOKS_FAILED,READY_CANDIDATE,300568,10.0,False,2025-09-26,13.83382,2025-10-14,13.20678,STOP,False,MARKET_STRONG,False,-73.391376,-0.05305214,s6ps-f03199f3e7189f9b,1,PLATFORM,-1.021537,s6setup-264b4fa1922eeea044ab,2025-09-25,0.027041,13.22,BOX,BOX,"[""BOX""]",BOX,0.68738,88,s6trade-5560f0404b706249f38b
NONE,BOX_SUPPORT_READY,[],BROOKS_CONTEXT_REJECT,WATCH_CANDIDATE,300600,10.0,False,2025-08-25,19.9199,2025-08-28,18.47151,STOP_GAP,False,MARKET_STRONG,False,-155.800968,-0.07821373,s6ps-f03199f3e7189f9b,1,UNKNOWN,-1.012931,s6setup-505fdc69398e03985840,2025-08-22,0.038391,18.49,BOX,BOX,"[""BOX""]",BOX,0.961966,74,s6trade-a7cea2f19f3afcb248f5
NONE,BOX_STABLE,[],BROOKS_CONTEXT_REJECT,WATCH_CANDIDATE,300603,10.0,False,2025-03-07,13.8138,2025-03-24,12.76722,STOP,False,MARKET_STRONG,False,-115.322948,-0.08348387,s6ps-f03199f3e7189f9b,1,UNKNOWN,-1.012362,s6setup-e4b882cc76f264f60fa3,2025-03-06,0.026581,12.78,BOX,BOX,"[""BOX""]",BOX,0.6649419999999999,74,s6trade-d75464e65c85646af78f
BOX_COMPACT_READY,BOX_BREAKOUT_READY,"[""BEAR_FOLLOW_THROUGH_FAILED""]",COMPACT_BEARISH_REJECT,KEY_CANDIDATE,300604,10.0,True,2025-10-22,83.3833,2025-11-17,77.05287,STOP,False,MARKET_NEUTRAL,False,-647.056076,-0.0776002,s6ps-f03199f3e7189f9b,1,UNKNOWN,-1.012334,s6setup-de80a953d02eacc30e5d,2025-10-21,0.160436,77.13,BOX,BOX,"[""BOX""]",BOX,4.013079,75,s6trade-20e4e6d5688ceae13563
NONE,BOX_SUPPORT_READY,"[""MICRO_DOUBLE_BOTTOM"", ""FAILED_BEAR_BREAKOUT""]",FAILED_BEAR_BREAKOUT,WATCH_CANDIDATE,300644,10.0,False,2025-08-22,37.79776,2025-08-27,35.22474,STOP,False,MARKET_STRONG,False,-269.136266,-0.07120429,s6ps-f03199f3e7189f9b,1,PLATFORM,-1.013894,s6setup-0ad2951473f2b0d260d8,2025-08-21,0.073022,35.26,BOX,BOX,"[""BOX""]",BOX,1.83426,80,s6trade-f85c1eabe6084979d3d6
NONE,BOX_STABLE,"[""BEAR_FOLLOW_THROUGH_FAILED""]",BROOKS_CONTEXT_REJECT,KEY_CANDIDATE,300660,10.0,False,2024-12-26,40.06002,2025-01-03,37.01295,STOP,False,MARKET_NEUTRAL,False,-316.634719,-0.07904008,s6ps-f03199f3e7189f9b,1,UNKNOWN,-1.012309,s6setup-82318e9097d5e2ae5a75,2024-12-25,0.077073,37.05,BOX,BOX,"[""BOX""]",BOX,1.9277199999999999,76,s6trade-532af8f92464f3fa76af
NONE,BOX_SUPPORT_READY,"[""MICRO_DOUBLE_BOTTOM"", ""FAILED_BEAR_BREAKOUT"", ""BEAR_FOLLOW_THROUGH_FAILED""]",BROOKS_CONTEXT_REJECT,KEY_CANDIDATE,300687,10.0,False,2025-03-18,30.75072,2025-03-24,27.48249,STOP,False,MARKET_STRONG,False,-338.255368,-0.10999917,s6ps-f03199f3e7189f9b,1,UNKNOWN,-1.008489,s6setup-babc61c53c3fbd5dbdd9,2025-03-17,0.058233,27.51,BOX,BOX,"[""BOX""]",BOX,1.4323569999999999,76,s6trade-e6d6c985998d5f697523
NONE,BOX_SUPPORT_READY,"[""MICRO_DOUBLE_BOTTOM"", ""FAILED_BEAR_BREAKOUT""]",FAILED_BEAR_BREAKOUT,WATCH_CANDIDATE,300706,10.0,False,2025-08-26,45.12508,2025-09-02,40.54941,STOP,False,MARKET_STRONG,False,-469.680153,-0.10408406,s6ps-f03199f3e7189f9b,1,UNKNOWN,-1.00895,s6setup-4a4c09b4357671ae65c4,2025-08-25,0.085674,40.59,BOX,BOX,"[""BOX""]",BOX,2.113145,71,s6trade-8a22c00629a57e2a569a
NONE,BOX_FORMING,"[""BEAR_FOLLOW_THROUGH_FAILED""]",BROOKS_FAILED,KEY_CANDIDATE,300708,10.0,False,2025-01-23,13.67366,2025-02-28,12.55743,STOP,False,MARKET_NEUTRAL,False,-122.277101,-0.08942529,s6ps-f03199f3e7189f9b,1,UNKNOWN,-1.011389,s6setup-0a630f7143c7c44f29df,2025-01-22,0.026231,12.57,ORIGINAL,ORIGINAL,"[""ORIGINAL""]",ORIGINAL,0.654103,76,s6trade-2cf8b27ad88e5df15714
NONE,BOX_BREAKOUT_READY,[],BROOKS_CONTEXT_REJECT,WATCH_CANDIDATE,300709,10.0,False,2024-10-30,43.88384,2024-11-01,41.31864,STOP,False,MARKET_STRONG,False,-268.671131,-0.06122325,s6ps-f03199f3e7189f9b,1,UNKNOWN,-1.016388,s6setup-1a47687228730efc7c66,2024-10-29,0.085202,41.36,BOX,BOX,"[""BOX""]",BOX,2.151134,72,s6trade-b76d059bcc5bcbeba4ae
NONE,BOX_SUPPORT_READY,[],BROOKS_FAILED,KEY_CANDIDATE,300738,10.0,False,2025-03-21,24.507483,2025-03-25,22.62735,STOP,False,MARKET_STRONG,False,-199.191798,-0.08127795,s6ps-f03199f3e7189f9b,1,UNKNOWN,-1.012194,s6setup-d192d8a6fa45f6875f3a,2025-03-20,0.047135,22.65,BOX,BOX,"[""BOX""]",BOX,1.1785029999999999,76,s6trade-c6048b4d6d326c510e98
NONE,BOX_BROKEN,"[""FAILED_BEAR_BREAKOUT"", ""ORDERLY_COMPRESSION_AT_SUPPORT""]",BROOKS_FAILED_BREAKOUT_READY,WATCH_CANDIDATE,300740,10.0,True,2025-09-11,21.412391,2025-10-10,23.72625,TARGET,False,MARKET_STRONG,False,220.154453,0.10281638,s6ps-f03199f3e7189f9b,1,PLATFORM,2.241262,s6setup-90152e3f07386ecbf73a,2025-09-10,0.045139,20.38,NONE,BROOKS,"[""BROOKS""]",BROOKS,1.231452,80,s6trade-d1c88cf276698714b047
NONE,BOX_STABLE,"[""FAILED_BEAR_BREAKOUT""]",FAILED_BEAR_BREAKOUT,WATCH_CANDIDATE,300790,10.0,False,2025-09-25,32.7327,2025-09-29,30.91905,STOP,False,MARKET_STRONG,False,-192.974618,-0.05895469,s6ps-f03199f3e7189f9b,1,UNKNOWN,-1.017361,s6setup-9b48a0dfdfd7ea144be2,2025-09-24,0.063652,30.95,BOX,BOX,"[""BOX""]",BOX,1.609604,61,s6trade-906837ab477742b569fb
NONE,BOX_STABLE,"[""MICRO_DOUBLE_BOTTOM"", ""FAILED_BEAR_BREAKOUT""]",BROOKS_CONTEXT_REJECT,KEY_CANDIDATE,300846,10.0,False,2025-03-13,28.2282,2025-03-14,25.49448,STOP,False,MARKET_STRONG,False,-284.700451,-0.10085675,s6ps-f03199f3e7189f9b,1,UNKNOWN,-1.009423,s6setup-e638d1e29bfa0e8b492d,2025-03-12,0.053723,25.52,BOX,BOX,"[""BOX""]",BOX,1.328447,76,s6trade-2eda1dadcd065184bd8c
NONE,BOX_SUPPORT_READY,[],BROOKS_FAILED,WATCH_CANDIDATE,300870,10.0,False,2025-03-20,107.55745,2025-03-24,101.35854,STOP,False,MARKET_STRONG,False,-635.167829,-0.05905382,s6ps-f03199f3e7189f9b,1,UNKNOWN,-1.01664,s6setup-22eb66334993fd01e02f,2025-03-19,0.208916,101.46,BOX,BOX,"[""BOX""]",BOX,5.276843,71,s6trade-3e226114bff36769aa1b
NONE,BOX_BREAKOUT_READY,"[""MICRO_DOUBLE_BOTTOM"", ""FAILED_BEAR_BREAKOUT""]",FAILED_BEAR_BREAKOUT,KEY_CANDIDATE,300875,10.0,False,2025-08-27,57.057,2025-08-28,51.5484,STOP,False,MARKET_STRONG,False,-563.545998,-0.09876895,s6ps-f03199f3e7189f9b,1,UNKNOWN,-1.009456,s6setup-97303033618698e750c3,2025-08-26,0.108605,51.6,BOX,BOX,"[""BOX""]",BOX,2.686025,77,s6trade-74e3167b9077d92eda32
NONE,BOX_SUPPORT_READY,"[""FAILED_BEAR_BREAKOUT""]",BROOKS_CONTEXT_REJECT,WATCH_CANDIDATE,300913,10.0,False,2025-01-15,58.5585,2025-01-17,52.49745,STOP,False,MARKET_WEAK,False,-618.840899,-0.10567909,s6ps-f03199f3e7189f9b,1,UNKNOWN,-1.008746,s6setup-e8eb38b1be1b6db794ca,2025-01-14,0.111056,52.55,BOX,BOX,"[""BOX""]",BOX,2.735928,73,s6trade-800147cdcc65dffc9021
NONE,BOX_SUPPORT_READY,"[""BEAR_FOLLOW_THROUGH_FAILED""]",BROOKS_CONTEXT_REJECT,WATCH_CANDIDATE,300925,10.0,False,2024-10-28,25.3253,2024-10-31,34.21575,TARGET,False,MARKET_STRONG,False,877.274673,0.34640248,s6ps-f03199f3e7189f9b,1,UNKNOWN,2.507672,s6setup-d30fce650daba787ff76,2024-10-25,0.059541,21.78,BOX,BOX,"[""BOX""]",BOX,1.7703280000000001,66,s6trade-c6e5b879ba8720518d90
NONE,BOX_BREAKOUT_READY,[],BROOKS_CONTEXT_REJECT,KEY_CANDIDATE,301165,10.0,False,2025-09-12,88.9889,2025-10-20,83.47644,MAX_HOLDING,False,MARKET_STRONG,True,-565.592269,-0.06355762,s6ps-f03199f3e7189f9b,2,UNKNOWN,-0.710469,s6setup-bbe02001b6d47dcd3cec,2025-09-11,0.172465,81.23,BOTH,MULTI,"[""ORIGINAL"", ""BOX""]",ORIGINAL,4.346287,78,s6trade-967fa7bf528b5df16448
NONE,BOX_SUPPORT_READY,"[""FAILED_BEAR_BREAKOUT""]",FAILED_BEAR_BREAKOUT,WATCH_CANDIDATE,301200,10.0,False,2025-11-12,114.54443,2025-11-21,106.75314,STOP,False,MARKET_STRONG,False,-794.68795,-0.06937814,s6ps-f03199f3e7189f9b,1,UNKNOWN,-1.013906,s6setup-2c4bbb328f5078d10720,2025-11-11,0.221298,106.86,BOX,BOX,"[""BOX""]",BOX,5.558955,67,s6trade-8b1b886651452ef68f1c
BOX_COMPACT_READY,BOX_SUPPORT_READY,"[""MICRO_DOUBLE_BOTTOM"", ""FAILED_BEAR_BREAKOUT""]",BARB_WIRE_WAIT,WATCH_CANDIDATE,301200,10.0,True,2025-11-14,115.58547,2025-11-19,108.97092,STOP_GAP,False,MARKET_STRONG,True,-677.128117,-0.05858246,s6ps-f03199f3e7189f9b,3,UNKNOWN,-1.069369,s6setup-2e81c84853c18b705a82,2025-11-13,0.224556,109.4,BOTH,MULTI,"[""ORIGINAL"", ""BOX"", ""BROOKS""]",ORIGINAL,5.673102,69,s6trade-7c88d277474849b618c8
NONE,BOX_SUPPORT_READY,"[""BEAR_FOLLOW_THROUGH_FAILED""]",BROOKS_CONTEXT_REJECT,WATCH_CANDIDATE,301217,10.0,False,2025-09-04,30.94091,2025-10-10,29.68029,MAX_HOLDING,True,MARKET_STRONG,False,-137.606634,-0.04447401,s6ps-f03199f3e7189f9b,1,UNKNOWN,-0.392605,s6setup-de70759c7759d1a5514d,2025-09-03,0.060621,27.73,BOX,BOX,"[""BOX""]",BOX,1.5446360000000001,69,s6trade-e34f1291f850040f832b
BOX_COMPACT_READY,BOX_SUPPORT_READY,[],BROOKS_CONTEXT_REJECT,WATCH_CANDIDATE,301486,10.0,True,2025-09-19,99.74965,2025-09-26,90.49941,STOP,False,MARKET_STRONG,False,-939.739258,-0.09420978,s6ps-f03199f3e7189f9b,1,UNKNOWN,-1.00989,s6setup-a791e260f9aac882d8f0,2025-09-18,0.190249,90.59,BOX,BOX,"[""BOX""]",BOX,4.715218999999999,74,s6trade-c8e8c470fb8ba905e416
BOX_COMPACT_READY,BOX_BREAKOUT_READY,"[""FAILED_BEAR_BREAKOUT"", ""ORDERLY_COMPRESSION_AT_SUPPORT""]",FAILED_BEAR_BREAKOUT,KEY_CANDIDATE,600010,10.0,True,2024-11-26,1.979978,2024-11-27,1.85814,STOP,False,MARKET_NEUTRAL,True,-22.280546,-0.11252926,s6ps-f03199f3e7189f9b,3,UNKNOWN,-1.015503,s6setup-dbea198c47162c06a439,2024-11-25,0.003838,1.86,BOTH,MULTI,"[""ORIGINAL"", ""BOX"", ""BROOKS""]",ORIGINAL,0.096745,78,s6trade-290e8eddb69682d85e47
BOX_COMPACT_READY,BOX_SUPPORT_READY,"[""MICRO_DOUBLE_BOTTOM"", ""SECOND_ENTRY_LONG_READY"", ""FAILED_BEAR_BREAKOUT""]",BROOKS_CONTEXT_REJECT,KEY_CANDIDATE,600010,10.0,True,2025-08-14,2.51251,2025-09-11,2.47752,MAX_HOLDING,False,MARKET_STRONG,True,-13.627867,-0.05424005,s6ps-f03199f3e7189f9b,2,UNKNOWN,-0.21531,s6setup-4fe377f3079b4d40efa0,2025-08-13,0.00499,2.35,BOTH,MULTI,"[""ORIGINAL"", ""BOX""]",ORIGINAL,0.128866,80,s6trade-f933dc88a8fc124723d5
NONE,BOX_STABLE,"[""MICRO_DOUBLE_BOTTOM"", ""FAILED_BEAR_BREAKOUT""]",FAILED_BEAR_BREAKOUT,WATCH_CANDIDATE,600021,10.0,False,2025-11-14,28.028,2025-11-17,25.61436,STOP_GAP,True,MARKET_STRONG,False,-252.698374,-0.09015926,s6ps-f03199f3e7189f9b,1,UNKNOWN,-1.202012,s6setup-c43b5710ab76eac9ed6c,2025-11-13,0.053642,26.02,BOX,BOX,"[""BOX""]",BOX,1.33436,67,s6trade-da4f60aa777795e44366
BOX_COMPACT_READY,BOX_BREAKOUT_READY,"[""FAILED_BEAR_BREAKOUT"", ""ORDERLY_COMPRESSION_AT_SUPPORT""]",BROOKS_FAILED_BREAKOUT_READY,KEY_CANDIDATE,600111,10.0,True,2025-08-15,38.038,2025-08-19,44.64531,TARGET,False,MARKET_STRONG,True,648.41606,0.17046534,s6ps-f03199f3e7189f9b,2,UNKNOWN,3.674811,s6setup-d0cb7bb1e73364345296,2025-08-14,0.082683,36.24,BOX,MULTI,"[""BOX"", ""BROOKS""]",BROOKS,2.314949,76,s6trade-18e12380d7d53ab57aca
NONE,BOX_SUPPORT_READY,[],BROOKS_CONTEXT_REJECT,WATCH_CANDIDATE,600111,10.0,False,2025-09-11,49.049,2025-09-23,46.08387,STOP,False,MARKET_STRONG,False,-308.912319,-0.06298035,s6ps-f03199f3e7189f9b,1,UNKNOWN,-1.015803,s6setup-24ec443b7db1f38c8092,2025-09-10,0.095133,46.13,BOX,BOX,"[""BOX""]",BOX,2.3993260000000003,65,s6trade-25b747b4dfc140c4a6f0
NONE,BOX_SUPPORT_READY,"[""MICRO_DOUBLE_BOTTOM"", ""FAILED_BEAR_BREAKOUT"", ""BEAR_FOLLOW_THROUGH_FAILED""]",BROOKS_CONTEXT_REJECT,WATCH_CANDIDATE,600120,10.0,False,2025-03-03,7.19719,2025-03-24,6.6933,STOP,False,MARKET_NEUTRAL,False,-60.737554,-0.08439065,s6ps-f03199f3e7189f9b,1,UNKNOWN,-1.013476,s6setup-b1c1dcfaa4a6e6244291,2025-02-28,0.01389,6.7,BOX,BOX,"[""BOX""]",BOX,0.348555,74,s6trade-e33c3d7c8c6e09bf558b
NONE,BOX_SUPPORT_READY,"[""MICRO_DOUBLE_BOTTOM"", ""FAILED_BEAR_BREAKOUT""]",BROOKS_CONTEXT_REJECT,WATCH_CANDIDATE,600143,10.0,False,2025-03-13,11.843832,2025-03-21,11.19879,STOP,False,MARKET_STRONG,False,-75.087183,-0.06339771,s6ps-f03199f3e7189f9b,1,UNKNOWN,-1.017686,s6setup-32ff951c8a2e04623c92,2025-03-12,0.023043,11.21,BOX,BOX,"[""BOX""]",BOX,0.582983,73,s6trade-a65b1764e0b308367921
NONE,BOX_SUPPORT_READY,[],BROOKS_FAILED,WATCH_CANDIDATE,600160,10.0,False,2024-04-15,22.63261,2024-04-23,21.5784,STOP,False,MARKET_WEAK,False,-116.544136,-0.0514939,s6ps-f03199f3e7189f9b,1,UNKNOWN,-1.020918,s6setup-b4db41ce30d046a12733,2024-04-12,0.044211,21.6,BOX,BOX,"[""BOX""]",BOX,1.123131,74,s6trade-a5033a160db8f491716f
BOX_COMPACT_READY,BOX_SUPPORT_READY,"[""MICRO_DOUBLE_BOTTOM"", ""SECOND_ENTRY_LONG_READY"", ""FAILED_BEAR_BREAKOUT"", ""ORDERLY_COMPRESSION_AT_SUPPORT""]",SECOND_ENTRY_LONG_READY,WATCH_CANDIDATE,600178,10.0,True,2025-07-14,13.878865,2025-08-06,15.61437,TARGET,False,MARKET_STRONG,True,162.740282,0.11725763,s6ps-f03199f3e7189f9b,2,UNKNOWN,2.200003,s6setup-b14ad88c96db773f63b3,2025-07-11,0.029493,13.09,BOX,MULTI,"[""BOX"", ""BROOKS""]",BROOKS,0.810211,69,s6trade-1c7adae4c43a6959e30b
BOX_COMPACT_READY,BOX_SUPPORT_READY,"[""MICRO_DOUBLE_BOTTOM"", ""SECOND_ENTRY_LONG_READY"", ""FAILED_BEAR_BREAKOUT"", ""ORDERLY_COMPRESSION_AT_SUPPORT""]",SECOND_ENTRY_LONG_READY,WATCH_CANDIDATE,600178,10.0,True,2025-07-15,13.708695,2025-08-06,15.61437,TARGET,False,MARKET_STRONG,True,179.757457,0.1311266,s6ps-f03199f3e7189f9b,2,UNKNOWN,3.237118,s6setup-3fb1d338d8940b3e806e,2025-07-14,0.029323,13.12,BOX,MULTI,"[""BOX"", ""BROOKS""]",BROOKS,0.810041,72,s6trade-65fd6cba2d078d6c0f3e
BOX_COMPACT_READY,BOX_STABLE,"[""MICRO_DOUBLE_BOTTOM"", ""FAILED_BEAR_BREAKOUT"", ""ORDERLY_COMPRESSION_AT_SUPPORT""]",BROOKS_FAILED_BREAKOUT_READY,KEY_CANDIDATE,600186,10.0,True,2025-03-04,6.87687,2025-03-24,6.35364,STOP,False,MARKET_NEUTRAL,True,-62.653911,-0.09110818,s6ps-f03199f3e7189f9b,3,UNKNOWN,-1.012305,s6setup-1705233833b71d9111cb,2025-03-03,0.013231,6.36,BOTH,MULTI,"[""ORIGINAL"", ""BOX"", ""BROOKS""]",ORIGINAL,0.330913,81,s6trade-1105b37a752cff4707bc
NONE,BOX_SUPPORT_READY,[],BROOKS_CONTEXT_REJECT,WATCH_CANDIDATE,600219,10.0,False,2025-11-21,4.85485,2025-11-24,4.70529,STOP,False,MARKET_NEUTRAL,False,-25.200827,-0.05190856,s6ps-f03199f3e7189f9b,1,PLATFORM,-1.032516,s6setup-459331fdc8307de59b61,2025-11-20,0.00956,4.71,BOX,BOX,"[""BOX""]",BOX,0.244824,85,s6trade-dc74ee59bd1756a36b7e
BOX_COMPACT_READY,BOX_SUPPORT_READY,[],BROOKS_FAILED,KEY_CANDIDATE,600267,10.0,True,2025-07-30,11.79178,2025-08-04,11.21877,STOP_GAP,False,MARKET_STRONG,False,-67.884947,-0.05756972,s6ps-f03199f3e7189f9b,1,UNKNOWN,-1.057643,s6setup-26c625d3baf9fe440cdf,2025-07-29,0.023011,11.25,BOX,BOX,"[""BOX""]",BOX,0.58395,76,s6trade-f4ae430931af47f029c7
NONE,BOX_BREAKOUT_READY,"[""MICRO_DOUBLE_BOTTOM"", ""SECOND_ENTRY_LONG_READY"", ""FAILED_BEAR_BREAKOUT""]",SECOND_ENTRY_LONG_READY,WATCH_CANDIDATE,600276,10.0,False,2025-09-26,70.6706,2025-09-29,67.81212,STOP,False,MARKET_STRONG,False,-299.377057,-0.04236232,s6ps-f03199f3e7189f9b,1,UNKNOWN,-1.024325,s6setup-a62f87e4b34911f97b44,2025-09-25,0.138483,67.88,BOX,BOX,"[""BOX""]",BOX,3.529089,75,s6trade-8ed11ee41b48bbe1190d
NONE,BOX_SUPPORT_READY,"[""BEAR_FOLLOW_THROUGH_FAILED""]",BROOKS_FAILED,WATCH_CANDIDATE,600292,10.0,False,2024-12-17,14.463449,2024-12-23,13.3866,STOP,False,MARKET_WEAK,False,-118.382086,-0.08184914,s6ps-f03199f3e7189f9b,1,UNKNOWN,-1.012601,s6setup-6e3280140834bf327467,2024-12-16,0.02785,13.4,BOX,BOX,"[""BOX""]",BOX,0.69718,66,s6trade-681085fc749efe77cb83
BOX_COMPACT_READY,BOX_STABLE,"[""FAILED_BEAR_BREAKOUT""]",BROOKS_CONTEXT_REJECT,WATCH_CANDIDATE,600392,10.0,True,2025-07-01,13.02301,2025-07-04,12.49749,STOP,False,MARKET_STRONG,False,-63.2024,-0.04853133,s6ps-f03199f3e7189f9b,1,UNKNOWN,-1.024385,s6setup-ce4b7ca71cf102533f26,2025-06-30,0.025521,12.51,BOX,BOX,"[""BOX""]",BOX,0.6503950000000001,73,s6trade-1014fd5a05786f70f75c
BOX_COMPACT_READY,BOX_SUPPORT_READY,[],COMPACT_BEARISH_REJECT,WATCH_CANDIDATE,600415,10.0,True,2024-11-01,9.77977,2024-11-28,12.49749,TARGET,False,MARKET_STRONG,False,261.124847,0.2670051,s6ps-f03199f3e7189f9b,1,UNKNOWN,5.437941,s6setup-972b529ace9e37bf0db0,2024-10-31,0.022277,9.28,BOX,BOX,"[""BOX""]",BOX,0.647151,72,s6trade-b9f3a682ad98b400cb77
BOX_COMPACT_READY,BOX_STABLE,"[""FAILED_BEAR_BREAKOUT"", ""ORDERLY_COMPRESSION_AT_SUPPORT""]",FAILED_BEAR_BREAKOUT,WATCH_CANDIDATE,600418,10.0,True,2025-08-12,47.15711,2025-08-29,55.32462,TARGET,False,MARKET_STRONG,False,803.882303,0.17046895,s6ps-f03199f3e7189f9b,1,UNKNOWN,5.644015,s6setup-1bc395233ee8e4509cec,2025-08-11,0.102482,45.71,BOX,BOX,"[""BOX""]",BOX,2.868713,74,s6trade-f8f0ffea4563d13083fe
NONE,BOX_STABLE,"[""MICRO_DOUBLE_BOTTOM"", ""FAILED_BEAR_BREAKOUT""]",FAILED_BEAR_BREAKOUT,WATCH_CANDIDATE,600490,10.0,False,2025-10-30,8.147139,2025-11-18,7.4925,STOP,False,MARKET_STRONG,False,-75.854166,-0.09310528,s6ps-f03199f3e7189f9b,1,UNKNOWN,-1.011589,s6setup-5ca17db33f87b3b76412,2025-10-29,0.01564,7.5,BOX,BOX,"[""BOX""]",BOX,0.390265,73,s6trade-531766b460935d81e0bd
NONE,BOX_FORMING,"[""MICRO_DOUBLE_BOTTOM"", ""FAILED_BEAR_BREAKOUT"", ""ORDERLY_COMPRESSION_AT_SUPPORT""]",BROOKS_FAILED_BREAKOUT_READY,KEY_CANDIDATE,600490,10.0,True,2025-11-03,8.087079,2025-11-05,7.641351,STOP_GAP,True,MARKET_STRONG,False,-54.970593,-0.06797336,s6ps-f03199f3e7189f9b,1,UNKNOWN,-1.019788,s6setup-6f74b0323bd14cc4c0e3,2025-10-31,0.015728,7.65,NONE,BROOKS,"[""BROOKS""]",BROOKS,0.39779600000000004,78,s6trade-6712d0f0e65782a2f07f
BOX_COMPACT_READY,BOX_SUPPORT_READY,"[""FAILED_BEAR_BREAKOUT"", ""ORDERLY_COMPRESSION_AT_SUPPORT""]",FAILED_BEAR_BREAKOUT,WATCH_CANDIDATE,600515,10.0,True,2025-11-18,5.35535,2025-11-19,5.0949,STOP,False,MARKET_NEUTRAL,False,-36.310194,-0.06780172,s6ps-f03199f3e7189f9b,1,UNKNOWN,-1.019973,s6setup-7520b9018ef27977fe3b,2025-11-17,0.01045,5.1,BOX,BOX,"[""BOX""]",BOX,0.265195,73,s6trade-f8c5ea529b700ef53ced
BOX_COMPACT_READY,BOX_SUPPORT_READY,[],COMPACT_BEARISH_REJECT,WATCH_CANDIDATE,600528,10.0,True,2025-08-08,8.95895,2025-08-28,8.46153,STOP,False,MARKET_STRONG,False,-60.182499,-0.06717584,s6ps-f03199f3e7189f9b,1,UNKNOWN,-1.017323,s6setup-683dc450a5cedcef3079,2025-08-07,0.01742,8.47,BOX,BOX,"[""BOX""]",BOX,0.44049699999999997,75,s6trade-98b16c03c2f7c0e550ad
BOX_COMPACT_READY,BOX_SUPPORT_READY,[],BROOKS_FAILED,WATCH_CANDIDATE,600549,10.0,True,2025-11-14,33.78375,2025-11-21,32.20776,STOP,False,MARKET_STRONG,False,-169.275371,-0.05010556,s6ps-f03199f3e7189f9b,1,UNKNOWN,-1.020884,s6setup-12d2a0ea20e38cbc1534,2025-11-13,0.065992,32.24,BOX,BOX,"[""BOX""]",BOX,1.67638,71,s6trade-5d5861b9e1e788cdee35
BOX_COMPACT_READY,BOX_SUPPORT_READY,[],BROOKS_FAILED,KEY_CANDIDATE,600550,10.0,True,2025-06-11,8.82882,2025-06-19,8.31168,STOP,False,MARKET_STRONG,True,-62.146726,-0.07039075,s6ps-f03199f3e7189f9b,2,UNKNOWN,-1.016352,s6setup-b495a3465d15fcca0340,2025-06-10,0.017141,8.32,BOTH,MULTI,"[""ORIGINAL"", ""BOX""]",ORIGINAL,0.432725,76,s6trade-a6f10edd14f60d09e1e3
NONE,BOX_BREAKOUT_READY,[],BROOKS_FAILED,WATCH_CANDIDATE,600577,10.0,False,2025-10-28,10.4104,2025-11-25,10.11987,MAX_HOLDING,False,MARKET_STRONG,False,-39.579529,-0.03801922,s6ps-f03199f3e7189f9b,1,UNKNOWN,-0.460866,s6setup-03e742594afed14a3aac,2025-10-27,0.02053,9.78,BOX,BOX,"[""BOX""]",BOX,0.5265230000000001,65,s6trade-af134e64ccdae38db08e
NONE,BOX_SUPPORT_READY,"[""MICRO_DOUBLE_BOTTOM"", ""SECOND_ENTRY_LONG_READY"", ""FAILED_BEAR_BREAKOUT""]",SECOND_ENTRY_LONG_READY,WATCH_CANDIDATE,600595,10.0,False,2025-11-17,6.9069,2025-11-18,6.38361,STOP_GAP,False,MARKET_NEUTRAL,False,-62.661469,-0.090723,s6ps-f03199f3e7189f9b,1,UNKNOWN,-1.012362,s6setup-100f5c3cd4f69e5ae4f6,2025-11-14,0.013291,6.39,BOX,BOX,"[""BOX""]",BOX,0.332471,65,s6trade-0078627003bde42806c4
NONE,BOX_SUPPORT_READY,"[""BEAR_FOLLOW_THROUGH_FAILED""]",BROOKS_CONTEXT_REJECT,WATCH_CANDIDATE,600601,10.0,False,2024-12-19,4.27427,2025-01-03,4.02597,STOP,False,MARKET_WEAK,False,-35.039598,-0.08197797,s6ps-f03199f3e7189f9b,1,UNKNOWN,-1.016498,s6setup-c456d52e3d99d7b05be2,2024-12-18,0.0083,4.03,BOX,BOX,"[""BOX""]",BOX,0.209598,75,s6trade-a0c14cffc4ece900cae0
NONE,BOX_BREAKOUT_READY,[],BROOKS_CONTEXT_REJECT,KEY_CANDIDATE,600601,10.0,False,2025-02-12,5.37537,2025-02-14,4.96503,STOP,False,MARKET_NEUTRAL,False,-51.292592,-0.09542151,s6ps-f03199f3e7189f9b,1,UNKNOWN,-1.01226,s6setup-f532cfcef1961d07d7a5,2025-02-11,0.01034,4.97,BOX,BOX,"[""BOX""]",BOX,0.258591,76,s6trade-42a42cd9e25ba7e92060
BOX_COMPACT_READY,BOX_SUPPORT_READY,[],COMPACT_BEARISH_REJECT,KEY_CANDIDATE,600801,10.0,True,2025-08-08,14.84483,2025-09-05,15.32466,MAX_HOLDING,False,MARKET_STRONG,False,37.186596,0.0250502,s6ps-f03199f3e7189f9b,1,UNKNOWN,0.454888,s6setup-19ce1de975b65f1252f1,2025-08-07,0.030169,13.79,BOX,BOX,"[""BOX""]",BOX,0.796402,75,s6trade-dd01cdd01b4fb69c3327
NONE,BOX_SUPPORT_READY,"[""BEAR_FOLLOW_THROUGH_FAILED""]",BROOKS_CONTEXT_REJECT,KEY_CANDIDATE,600843,10.0,False,2024-11-15,13.7137,2024-11-18,12.35763,STOP,False,MARKET_STRONG,False,-146.250947,-0.10664587,s6ps-f03199f3e7189f9b,1,UNKNOWN,-1.009206,s6setup-85db4a2ab7750e044af3,2024-11-14,0.026071,12.37,BOX,BOX,"[""BOX""]",BOX,0.643952,75,s6trade-51b2790a00daadb4261e
NONE,BOX_STABLE,[],BROOKS_CONTEXT_REJECT,WATCH_CANDIDATE,600850,10.0,False,2025-03-10,26.75673,2025-03-11,25.55442,STOP_GAP,False,MARKET_STRONG,False,-131.561022,-0.04916932,s6ps-f03199f3e7189f9b,1,UNKNOWN,-1.030495,s6setup-5bb2edf1d6217631e0ae,2025-03-07,0.052311,25.59,BOX,BOX,"[""BOX""]",BOX,1.330032,72,s6trade-b7b3632965a413a67fb3
NONE,BOX_SUPPORT_READY,"[""FAILED_BEAR_BREAKOUT""]",BROOKS_CONTEXT_REJECT,WATCH_CANDIDATE,600875,10.0,False,2025-08-07,20.1201,2025-09-03,18.90108,STOP,False,MARKET_STRONG,False,-132.886078,-0.06604643,s6ps-f03199f3e7189f9b,1,UNKNOWN,-1.015765,s6setup-93eb128ab6ce4fc6345b,2025-08-06,0.039021,18.92,BOX,BOX,"[""BOX""]",BOX,0.9840749999999999,74,s6trade-9572c594e720c0c73c7a
BOX_COMPACT_READY,BOX_SUPPORT_READY,"[""MICRO_DOUBLE_BOTTOM"", ""SECOND_ENTRY_LONG_READY"", ""FAILED_BEAR_BREAKOUT""]",BROOKS_CONTEXT_REJECT,KEY_CANDIDATE,600875,10.0,True,2025-08-12,20.14012,2025-09-02,19.25073,STOP,False,MARKET_STRONG,True,-99.940935,-0.04962281,s6ps-f03199f3e7189f9b,2,UNKNOWN,-1.022146,s6setup-fdc17521e378be474b4a,2025-08-11,0.039391,19.27,BOTH,MULTI,"[""ORIGINAL"", ""BOX""]",ORIGINAL,1.001928,79,s6trade-ee348915ffdd7c85d551
NONE,BOX_SUPPORT_READY,[],BROOKS_CONTEXT_REJECT,WATCH_CANDIDATE,600879,10.0,False,2024-11-20,9.748739,2024-11-25,9.10089,STOP,False,MARKET_NEUTRAL,False,-75.258793,-0.07719849,s6ps-f03199f3e7189f9b,1,UNKNOWN,-1.014262,s6setup-9543c99369764b5ccdd8,2024-11-19,0.01885,9.11,BOX,BOX,"[""BOX""]",BOX,0.473894,70,s6trade-531457263c88e59cc64b
NONE,BOX_SUPPORT_READY,[],BROOKS_CONTEXT_REJECT,WATCH_CANDIDATE,601069,10.0,False,2025-09-30,30.36033,2025-10-22,27.10287,STOP_GAP,False,MARKET_STRONG,False,-337.158599,-0.11105235,s6ps-f03199f3e7189f9b,1,UNKNOWN,-1.428504,s6setup-6100ae38d450adf8a83d,2025-09-29,0.057463,28.08,BOX,BOX,"[""BOX""]",BOX,1.412607,73,s6trade-9636e4e54f5ef49e4522
NONE,BOX_SUPPORT_READY,"[""MICRO_DOUBLE_BOTTOM"", ""FAILED_BEAR_BREAKOUT""]",BROOKS_CONTEXT_REJECT,WATCH_CANDIDATE,601127,10.0,False,2024-03-26,95.8958,2024-03-27,90.5094,STOP_GAP,True,MARKET_NEUTRAL,False,-553.35185,-0.05770345,s6ps-f03199f3e7189f9b,1,UNKNOWN,-1.21157,s6setup-437d28e1721ada013542,2024-03-25,0.186405,91.45,BOX,BOX,"[""BOX""]",BOX,4.711875,74,s6trade-9291471ce15013329a3b
BOX_COMPACT_READY,BOX_SUPPORT_READY,[],BROOKS_CONTEXT_REJECT,WATCH_CANDIDATE,601162,10.0,True,2025-07-21,4.81481,2025-08-18,5.60439,TARGET,False,MARKET_STRONG,False,68.667361,0.14261697,s6ps-f03199f3e7189f9b,1,UNKNOWN,4.272388,s6setup-d38b0f68ca0e92fc6098,2025-07-18,0.010419,4.63,BOX,BOX,"[""BOX""]",BOX,0.29063900000000004,73,s6trade-2c0789b7a3275757ec27
BOX_COMPACT_READY,BOX_SUPPORT_READY,"[""MICRO_DOUBLE_BOTTOM"", ""FAILED_BEAR_BREAKOUT"", ""ORDERLY_COMPRESSION_AT_SUPPORT""]",BROOKS_FAILED_BREAKOUT_READY,WATCH_CANDIDATE,601208,10.0,True,2025-08-13,16.28627,2025-09-10,18.02196,MAX_HOLDING,False,MARKET_STRONG,True,162.633601,0.09985933,s6ps-f03199f3e7189f9b,2,UNKNOWN,1.475588,s6setup-66ff23da83b73dbac3e3,2025-08-12,0.034308,15.11,BOX,MULTI,"[""BOX"", ""BROOKS""]",BROOKS,0.935406,72,s6trade-01f8fd0cf677f913c955
NONE,BOX_SUPPORT_READY,[],BROOKS_CONTEXT_REJECT,WATCH_CANDIDATE,601208,10.0,False,2025-10-09,20.27025,2025-10-13,17.93205,STOP_GAP,False,MARKET_STRONG,False,-244.754796,-0.12074582,s6ps-f03199f3e7189f9b,1,UNKNOWN,-1.870186,s6setup-81cc4960a1a3257ec94d,2025-09-30,0.038202,19.02,BOX,BOX,"[""BOX""]",BOX,0.934804,68,s6trade-58335817643dbd7b5b41
BOX_COMPACT_READY,BOX_STABLE,"[""MICRO_DOUBLE_BOTTOM"", ""FAILED_BEAR_BREAKOUT""]",BROOKS_CONTEXT_REJECT,KEY_CANDIDATE,601212,10.0,True,2025-11-03,5.19519,2025-11-05,4.88511,STOP_GAP,False,MARKET_STRONG,True,-41.262334,-0.07942411,s6ps-f03199f3e7189f9b,2,UNKNOWN,-1.126785,s6setup-403eb70203523a546ba4,2025-10-31,0.01008,4.92,BOTH,MULTI,"[""ORIGINAL"", ""BOX""]",ORIGINAL,0.254336,80,s6trade-478ba89219f8c4ed4ec3
NONE,BOX_SUPPORT_READY,[],BROOKS_CONTEXT_REJECT,WATCH_CANDIDATE,601218,10.0,False,2025-10-27,5.600595,2025-11-19,5.11488,STOP,False,MARKET_STRONG,False,-58.837958,-0.10505662,s6ps-f03199f3e7189f9b,1,UNKNOWN,-1.010653,s6setup-931daa23d1fa27a6c286,2025-10-24,0.010715,5.12,BOX,BOX,"[""BOX""]",BOX,0.266459,69,s6trade-15e60e489700c0a2a7f1
NONE,BOX_STABLE,"[""MICRO_DOUBLE_BOTTOM"", ""FAILED_BEAR_BREAKOUT""]",BROOKS_FAILED_BREAKOUT_READY,KEY_CANDIDATE,601336,10.0,False,2024-10-30,48.79875,2024-11-08,57.66228,TARGET,False,MARKET_STRONG,True,873.363428,0.1789725,s6ps-f03199f3e7189f9b,3,UNKNOWN,3.695062,s6setup-96f5e92fb6957b29f889,2024-10-29,0.106461,46.4,BOTH,MULTI,"[""ORIGINAL"", ""BOX"", ""BROOKS""]",ORIGINAL,2.989575,80,s6trade-61aab73a7e6ea2827282
NONE,BOX_STABLE,"[""MICRO_DOUBLE_BOTTOM"", ""FAILED_BEAR_BREAKOUT"", ""BEAR_FOLLOW_THROUGH_FAILED""]",BROOKS_CONTEXT_REJECT,KEY_CANDIDATE,601360,10.0,False,2024-12-12,13.26325,2024-12-13,12.25773,STOP,False,MARKET_STRONG,True,-111.190401,-0.08383345,s6ps-f03199f3e7189f9b,2,UNKNOWN,-1.012353,s6setup-6271e09715fb99b07d7c,2024-12-11,0.025521,12.27,BOTH,MULTI,"[""ORIGINAL"", ""BOX""]",ORIGINAL,0.638408,79,s6trade-567ed64c039ecf7b0256
BOX_COMPACT_READY,BOX_SUPPORT_READY,[],COMPACT_BEARISH_REJECT,WATCH_CANDIDATE,601608,10.0,True,2025-11-11,7.3073,2025-11-18,6.82317,STOP,False,MARKET_STRONG,False,-58.768288,-0.08042408,s6ps-f03199f3e7189f9b,1,PLATFORM,-1.01431,s6setup-1d95ad7f92b55763e0a8,2025-11-10,0.01413,6.83,BOX,BOX,"[""BOX""]",BOX,0.35528899999999997,85,s6trade-cf310f61db11961355ce
BOX_COMPACT_READY,BOX_SUPPORT_READY,"[""MICRO_DOUBLE_BOTTOM"", ""FAILED_BEAR_BREAKOUT""]",BROOKS_CONTEXT_REJECT,KEY_CANDIDATE,601608,10.0,True,2025-11-12,7.21721,2025-11-18,6.75324,STOP,False,MARKET_STRONG,False,-56.748634,-0.0786296,s6ps-f03199f3e7189f9b,1,UNKNOWN,-1.014785,s6setup-4de2643acc860e8c8db9,2025-11-11,0.01397,6.76,BOX,BOX,"[""BOX""]",BOX,0.351632,78,s6trade-53a28ef40c3ecf09f4ed
NONE,BOX_SUPPORT_READY,"[""MICRO_DOUBLE_BOTTOM"", ""FAILED_BEAR_BREAKOUT""]",FAILED_BEAR_BREAKOUT,WATCH_CANDIDATE,601611,10.0,False,2025-11-14,12.93292,2025-11-17,12.11787,STOP,False,MARKET_STRONG,False,-92.135946,-0.07124141,s6ps-f03199f3e7189f9b,1,UNKNOWN,-1.015107,s6setup-523a09f50b44b3299369,2025-11-13,0.025051,12.13,BOX,BOX,"[""BOX""]",BOX,0.6309450000000001,71,s6trade-d3c63d2ec5fe188053c3
BOX_COMPACT_READY,BOX_SUPPORT_READY,[],COMPACT_BEARISH_REJECT,WATCH_CANDIDATE,601777,10.0,True,2025-03-11,8.98898,2025-03-20,8.45154,STOP,False,MARKET_STRONG,False,-64.184014,-0.071403,s6ps-f03199f3e7189f9b,1,UNKNOWN,-1.015993,s6setup-569de22093b0693f5a7b,2025-03-10,0.017441,8.46,BOX,BOX,"[""BOX""]",BOX,0.44001799999999996,74,s6trade-4091b88fe97f77cd6cb8
BOX_COMPACT_READY,BOX_SUPPORT_READY,"[""MICRO_DOUBLE_BOTTOM"", ""SECOND_ENTRY_LONG_READY"", ""FAILED_BEAR_BREAKOUT""]",BROOKS_CONTEXT_REJECT,WATCH_CANDIDATE,601868,10.0,True,2025-08-06,2.546544,2025-09-02,2.40759,STOP,False,MARKET_STRONG,False,-24.020735,-0.0943268,s6ps-f03199f3e7189f9b,1,UNKNOWN,-1.01765,s6setup-dd77d6e41b8afc91a237,2025-08-05,0.004954,2.41,BOX,BOX,"[""BOX""]",BOX,0.125333,71,s6trade-4c7b73f0b72a35f363a0
NONE,BOX_BREAKOUT_READY,"[""MICRO_DOUBLE_BOTTOM"", ""FAILED_BEAR_BREAKOUT""]",BROOKS_FAILED_BREAKOUT_READY,WATCH_CANDIDATE,601872,10.0,False,2025-10-09,8.13813,2025-11-06,8.25174,MAX_HOLDING,False,MARKET_STRONG,True,0.932019,0.00114525,s6ps-f03199f3e7189f9b,2,UNKNOWN,0.25352,s6setup-279667d2b1b01bdb0a95,2025-09-30,0.01639,7.69,BOX,MULTI,"[""BOX"", ""BROOKS""]",BROOKS,0.428977,75,s6trade-dbc316085719230c413a
NONE,BOX_STABLE,"[""MICRO_DOUBLE_BOTTOM"", ""FAILED_BEAR_BREAKOUT"", ""BEAR_FOLLOW_THROUGH_FAILED""]",FAILED_BEAR_BREAKOUT,WATCH_CANDIDATE,601898,10.0,False,2025-11-19,14.28427,2025-11-25,13.65633,STOP,False,MARKET_NEUTRAL,False,-73.504754,-0.05145853,s6ps-f03199f3e7189f9b,1,UNKNOWN,-1.022254,s6setup-76f1f31a0b4983585ccc,2025-11-18,0.027941,13.67,BOX,BOX,"[""BOX""]",BOX,0.710758,71,s6trade-cbbd92827701256c1154
BOX_COMPACT_READY,BOX_STABLE,"[""FAILED_BEAR_BREAKOUT""]",BROOKS_CONTEXT_REJECT,KEY_CANDIDATE,601899,10.0,True,2025-11-03,30.14011,2025-11-04,29.31066,STOP,True,MARKET_STRONG,True,-94.469985,-0.03134361,s6ps-f03199f3e7189f9b,2,UNKNOWN,-1.03667,s6setup-4558a4761f57a6ac7229,2025-10-31,0.059451,29.34,BOTH,MULTI,"[""ORIGINAL"", ""BOX""]",ORIGINAL,1.524984,76,s6trade-b19c02a81592d8458edb
NONE,BOX_STABLE,"[""BEAR_FOLLOW_THROUGH_FAILED""]",BROOKS_CONTEXT_REJECT,WATCH_CANDIDATE,601969,10.0,False,2025-12-02,11.53152,2025-12-16,10.45953,STOP,False,MARKET_STRONG,False,-117.743969,-0.1021062,s6ps-f03199f3e7189f9b,1,UNKNOWN,-1.009863,s6setup-ca9797effd3ab4993fd5,2025-12-01,0.021991,10.47,BOX,BOX,"[""BOX""]",BOX,0.544967,69,s6trade-7618aed8c75a2596ecc5
BOX_COMPACT_READY,BOX_SUPPORT_READY,"[""MICRO_DOUBLE_BOTTOM"", ""FAILED_BEAR_BREAKOUT"", ""BEAR_FOLLOW_THROUGH_FAILED""]",BROOKS_CONTEXT_REJECT,KEY_CANDIDATE,603078,10.0,True,2024-12-13,18.79878,2024-12-16,17.4825,STOP,False,MARKET_STRONG,True,-142.538403,-0.07582322,s6ps-f03199f3e7189f9b,2,UNKNOWN,-1.013474,s6setup-5e35a695f2bd5244a9c7,2024-12-12,0.036281,17.5,BOTH,MULTI,"[""ORIGINAL"", ""BOX""]",ORIGINAL,0.910406,77,s6trade-e8e7115c943def66a6f4
NONE,BOX_SUPPORT_READY,"[""FAILED_BEAR_BREAKOUT""]",BROOKS_CONTEXT_REJECT,KEY_CANDIDATE,603099,10.0,False,2024-11-25,38.91888,2024-12-13,53.29665,TARGET,False,MARKET_NEUTRAL,True,1425.019967,0.36615133,s6ps-f03199f3e7189f9b,2,UNKNOWN,4.79438,s6setup-f5596be19bb7272c4656,2024-11-22,0.092216,35.92,BOTH,MULTI,"[""ORIGINAL"", ""BOX""]",ORIGINAL,2.757049,77,s6trade-f1058d94b051989b4bb9
NONE,BOX_STABLE,"[""MICRO_DOUBLE_BOTTOM"", ""FAILED_BEAR_BREAKOUT""]",BROOKS_FAILED_BREAKOUT_READY,WATCH_CANDIDATE,603119,10.0,False,2025-10-09,84.138054,2025-10-13,75.270654,STOP_GAP,False,MARKET_STRONG,True,-900.662951,-0.10704585,s6ps-f03199f3e7189f9b,3,UNKNOWN,-1.578376,s6setup-2374b9d39f87fc8f74cb,2025-09-30,0.159409,78.52,BOTH,MULTI,"[""ORIGINAL"", ""BOX"", ""BROOKS""]",ORIGINAL,3.922942,77,s6trade-0c4f5ff5e016258f295e
NONE,BOX_SUPPORT_READY,"[""MICRO_DOUBLE_BOTTOM"", ""FAILED_BEAR_BREAKOUT""]",FAILED_BEAR_BREAKOUT,WATCH_CANDIDATE,603119,10.0,False,2025-10-10,81.443362,2025-10-13,75.13479,STOP,False,MARKET_STRONG,False,-644.770483,-0.07916796,s6ps-f03199f3e7189f9b,1,UNKNOWN,-1.012066,s6setup-c5ff5044c6a383480dae,2025-10-09,0.156578,75.21,BOX,BOX,"[""BOX""]",BOX,3.913317,73,s6trade-96f7f993a1778cb7f163
NONE,BOX_STABLE,[],BROOKS_FAILED,WATCH_CANDIDATE,603236,10.0,False,2025-02-24,60.296236,2025-02-28,57.25269,STOP,False,MARKET_STRONG,False,-317.334809,-0.05262929,s6ps-f03199f3e7189f9b,1,UNKNOWN,-1.019191,s6setup-0ea4f7f9586e556c39d6,2025-02-21,0.117549,57.31,BOX,BOX,"[""BOX""]",BOX,2.980183,68,s6trade-3db5951e5df7c5c180dc
NONE,BOX_SUPPORT_READY,"[""MICRO_DOUBLE_BOTTOM"", ""SECOND_ENTRY_LONG_READY"", ""FAILED_BEAR_BREAKOUT""]",BROOKS_CONTEXT_REJECT,WATCH_CANDIDATE,603301,10.0,False,2025-11-17,88.37829,2025-11-18,79.4205,STOP_GAP,True,MARKET_NEUTRAL,False,-909.917863,-0.10295717,s6ps-f03199f3e7189f9b,1,UNKNOWN,-1.131278,s6setup-380658457793e1170035,2025-11-14,0.167799,80.46,BOX,BOX,"[""BOX""]",BOX,4.138824,70,s6trade-7a9d1abedf858db35e46
NONE,BOX_SUPPORT_READY,"[""FAILED_BEAR_BREAKOUT""]",BROOKS_CONTEXT_REJECT,WATCH_CANDIDATE,603496,10.0,False,2025-03-19,34.48445,2025-03-21,31.73823,STOP,False,MARKET_STRONG,False,-286.275145,-0.08301572,s6ps-f03199f3e7189f9b,1,UNKNOWN,-1.011704,s6setup-e9040e7f92b0891f1911,2025-03-18,0.066223,31.77,BOX,BOX,"[""BOX""]",BOX,1.653135,75,s6trade-dfb0b21e754cecac52e5
NONE,BOX_BREAKOUT_READY,[],BROOKS_CONTEXT_REJECT,KEY_CANDIDATE,603501,10.0,False,2025-03-10,145.01487,2025-03-13,136.93293,STOP,False,MARKET_STRONG,True,-825.32255,-0.05691296,s6ps-f03199f3e7189f9b,2,UNKNOWN,-1.017253,s6setup-e9dfe6dc7b1f76c08f27,2025-03-07,0.281948,137.07,BOTH,MULTI,"[""ORIGINAL"", ""BOX""]",ORIGINAL,7.128594,78,s6trade-c28493fb42e8dd5baa44
NONE,BOX_BREAKOUT_READY,"[""MICRO_DOUBLE_BOTTOM"", ""SECOND_ENTRY_LONG_READY"", ""FAILED_BEAR_BREAKOUT""]",BROOKS_CONTEXT_REJECT,WATCH_CANDIDATE,603516,11.335744,False,2025-11-21,193.193,2025-11-24,184.66515,STOP,False,MARKET_NEUTRAL,False,-873.731764,-0.04522585,s6ps-f03199f3e7189f9b,1,UNKNOWN,-1.022156,s6setup-d0e6944fe48379037e2f,2025-11-20,0.377858,184.85,BOX,BOX,"[""BOX""]",BOX,9.611115999999999,72,s6trade-66d6b77fe63e236ffbd3
NONE,BOX_SUPPORT_READY,"[""FAILED_BEAR_BREAKOUT""]",FAILED_BEAR_BREAKOUT,WATCH_CANDIDATE,603583,10.0,False,2025-03-20,46.8468,2025-03-21,43.03692,STOP,False,MARKET_STRONG,False,-393.229744,-0.08393951,s6ps-f03199f3e7189f9b,1,UNKNOWN,-1.011437,s6setup-2b680aec3ac2ae09d9cb,2025-03-19,0.089884,43.08,BOX,BOX,"[""BOX""]",BOX,2.24173,64,s6trade-0b2d408c9f1c8f3f12c6
BOX_COMPACT_READY,BOX_SUPPORT_READY,"[""FAILED_BEAR_BREAKOUT"", ""ORDERLY_COMPRESSION_AT_SUPPORT""]",FAILED_BEAR_BREAKOUT,WATCH_CANDIDATE,603612,10.0,True,2025-09-23,26.047021,2025-10-13,24.35562,STOP_GAP,True,MARKET_STRONG,False,-180.408283,-0.06926254,s6ps-f03199f3e7189f9b,1,UNKNOWN,-1.413009,s6setup-e2176f4c641347e3af3a,2025-09-22,0.050403,24.85,BOX,BOX,"[""BOX""]",BOX,1.268184,71,s6trade-460170518e13bb9e9e42
NONE,BOX_BREAKOUT_READY,[],BROOKS_FAILED,WATCH_CANDIDATE,603650,10.0,False,2025-10-28,41.643602,2025-11-03,39.41055,STOP,False,MARKET_STRONG,False,-235.356771,-0.05651691,s6ps-f03199f3e7189f9b,1,UNKNOWN,-1.017984,s6setup-e4e5d9e7c533b0bf2f40,2025-10-27,0.081054,39.45,BOX,BOX,"[""BOX""]",BOX,2.0515820000000002,74,s6trade-1ac708e3edd32ac5574d
NONE,BOX_STABLE,"[""FAILED_BEAR_BREAKOUT""]",FAILED_BEAR_BREAKOUT,WATCH_CANDIDATE,603678,10.0,False,2025-04-03,40.00997,2025-04-07,37.77219,STOP,False,MARKET_WEAK,True,-235.744385,-0.05892141,s6ps-f03199f3e7189f9b,2,UNKNOWN,-1.017187,s6setup-54b2a559c7ad59b371ae,2025-04-02,0.077782,37.81,BOX,MULTI,"[""BOX"", ""BROOKS""]",BROOKS,1.966392,73,s6trade-102ea41a41910ea00b8c
NONE,BOX_BREAKOUT_READY,"[""FAILED_BEAR_BREAKOUT"", ""BEAR_FOLLOW_THROUGH_FAILED""]",BROOKS_CONTEXT_REJECT,KEY_CANDIDATE,603786,10.0,False,2025-10-22,90.47038,2025-10-23,81.49842,STOP_GAP,True,MARKET_NEUTRAL,False,-911.442848,-0.10074489,s6ps-f03199f3e7189f9b,1,UNKNOWN,-1.880764,s6setup-0b0ba46814574b34fc35,2025-10-21,0.171969,85.7,BOX,BOX,"[""BOX""]",BOX,4.24689,77,s6trade-6bb20cea1243473eefae
BOX_COMPACT_READY,BOX_SUPPORT_READY,"[""MICRO_DOUBLE_BOTTOM"", ""FAILED_BEAR_BREAKOUT""]",BROOKS_CONTEXT_REJECT,WATCH_CANDIDATE,603809,10.0,True,2025-05-27,15.09508,2025-06-05,13.99599,STOP,False,MARKET_NEUTRAL,True,-120.637887,-0.07991868,s6ps-f03199f3e7189f9b,2,UNKNOWN,-1.012911,s6setup-415457793a9556486569,2025-05-26,0.029091,14.01,BOTH,MULTI,"[""ORIGINAL"", ""BOX""]",ORIGINAL,0.728891,75,s6trade-c5dc08c95c72c4b0b304
BOX_COMPACT_READY,BOX_SUPPORT_READY,"[""MICRO_DOUBLE_BOTTOM"", ""FAILED_BEAR_BREAKOUT"", ""ORDERLY_COMPRESSION_AT_SUPPORT""]",FAILED_BEAR_BREAKOUT,KEY_CANDIDATE,688063,10.0,True,2025-09-23,58.617559,2025-09-30,71.84808,TARGET,False,MARKET_STRONG,True,1309.329219,0.22336809,s6ps-f03199f3e7189f9b,2,UNKNOWN,4.370029,s6setup-c2fd1a235da71c264e7e,2025-09-22,0.130466,55.59,BOX,MULTI,"[""BOX"", ""BROOKS""]",BROOKS,3.7228700000000003,78,s6trade-f0c34387d08d8f43410b
NONE,BOX_STABLE,"[""MICRO_DOUBLE_BOTTOM"", ""FAILED_BEAR_BREAKOUT""]",FAILED_BEAR_BREAKOUT,WATCH_CANDIDATE,688070,10.0,False,2025-03-19,47.9479,2025-03-21,45.72423,STOP,False,MARKET_STRONG,True,-234.746877,-0.04895874,s6ps-f03199f3e7189f9b,2,UNKNOWN,-1.021016,s6setup-414023d3ba4d311ce03e,2025-03-18,0.093672,45.77,BOTH,MULTI,"[""ORIGINAL"", ""BOX""]",ORIGINAL,2.3798830000000004,67,s6trade-a4bf1a4a5284335214a4
BOX_COMPACT_READY,BOX_STABLE,"[""BEAR_FOLLOW_THROUGH_FAILED""]",BROOKS_FAILED,WATCH_CANDIDATE,688072,16.867183,True,2025-10-22,246.12588,2025-10-27,316.11357,TARGET,False,MARKET_NEUTRAL,False,6965.533954,0.28300697,s6ps-f03199f3e7189f9b,1,UNKNOWN,4.016307,s6setup-5aacc296dcfaa98adfe0,2025-10-21,0.562239,228.7,BOX,BOX,"[""BOX""]",BOX,16.367917000000002,65,s6trade-c13186bb5ee28c110a2b
BOX_COMPACT_READY,BOX_BREAKOUT_READY,[],BROOKS_FAILED,KEY_CANDIDATE,688082,10.4054,True,2025-10-22,180.18,2025-11-17,164.24559,STOP,False,MARKET_NEUTRAL,False,-1612.403072,-0.08948846,s6ps-f03199f3e7189f9b,1,UNKNOWN,-1.010425,s6setup-55d47d00c93b356eb6e2,2025-10-21,0.344426,164.41,BOX,BOX,"[""BOX""]",BOX,8.556706,77,s6trade-c38a0410b8e512eb681f
BOX_COMPACT_READY,BOX_SUPPORT_READY,[],COMPACT_BEARISH_REJECT,KEY_CANDIDATE,688093,10.0,True,2025-05-20,25.409384,2025-06-18,27.276696,MAX_HOLDING,False,MARKET_NEUTRAL,False,175.314687,0.06899604,s6ps-f03199f3e7189f9b,1,UNKNOWN,1.887348,s6setup-41bcdfb7e197b5fb367a,2025-05-19,0.052686,24.42,BOX,BOX,"[""BOX""]",BOX,1.416521,78,s6trade-92aad9a06628a63842a6
BOX_COMPACT_READY,BOX_SUPPORT_READY,[],BROOKS_FAILED,WATCH_CANDIDATE,688103,10.0,True,2025-06-20,56.71666,2025-07-18,59.68026,MAX_HOLDING,False,MARKET_NEUTRAL,False,283.259618,0.04994293,s6ps-f03199f3e7189f9b,1,UNKNOWN,1.427099,s6setup-172a1bad3022718fff73,2025-06-19,0.116397,54.64,BOX,BOX,"[""BOX""]",BOX,3.10041,73,s6trade-686b28b215fb59e22f4e
NONE,BOX_STABLE,[],BROOKS_CONTEXT_REJECT,WATCH_CANDIDATE,688110,0.0,False,2025-12-19,118.118,,0.0,UNRESOLVED_NO_EXIT_BAR,False,MARKET_NEUTRAL,False,0.0,0.0,s6ps-f03199f3e7189f9b,1,UNKNOWN,0.0,s6setup-a7bdb0fc119a26842f6a,2025-12-18,0.0,111.05,BOX,BOX,"[""BOX""]",BOX,0.0,72,s6trade-25dca1c91eb96fee8325
BOX_COMPACT_READY,BOX_STABLE,[],BROOKS_FAILED,WATCH_CANDIDATE,688114,10.0,True,2025-03-19,90.84075,2025-03-20,85.20471,STOP,False,MARKET_STRONG,False,-578.040313,-0.06363227,s6ps-f03199f3e7189f9b,1,UNKNOWN,-1.015365,s6setup-0cd9198cac2957d72afb,2025-03-18,0.176045,85.29,BOX,BOX,"[""BOX""]",BOX,4.436281,70,s6trade-f6f89ac9450b4b316620
BOX_COMPACT_READY,BOX_SUPPORT_READY,"[""MICRO_DOUBLE_BOTTOM"", ""FAILED_BEAR_BREAKOUT""]",BROOKS_CONTEXT_REJECT,WATCH_CANDIDATE,688116,10.0,True,2025-03-14,47.768721,2025-03-19,44.63532,STOP,False,MARKET_NEUTRAL,False,-325.664259,-0.06817521,s6ps-f03199f3e7189f9b,1,UNKNOWN,-1.014466,s6setup-f3f4c3e098a92dd7a8a7,2025-03-13,0.092404,44.68,BOX,BOX,"[""BOX""]",BOX,2.32417,70,s6trade-18754ed73d0a900098ab
NONE,BOX_SUPPORT_READY,"[""FAILED_BEAR_BREAKOUT""]",BROOKS_CONTEXT_REJECT,WATCH_CANDIDATE,688178,10.0,False,2025-04-15,18.82881,2025-05-16,23.96601,MAX_HOLDING,False,MARKET_WEAK,False,502.478898,0.26686705,s6ps-f03199f3e7189f9b,1,UNKNOWN,2.93754,s6setup-2e2e62f8c57148f33f36,2025-04-14,0.042795,17.08,BOX,BOX,"[""BOX""]",BOX,1.241096,69,s6trade-658de7082c7b564135d2
BOX_COMPACT_READY,BOX_BREAKOUT_READY,[],BROOKS_CONTEXT_REJECT,WATCH_CANDIDATE,688178,10.0,True,2025-04-16,19.28927,2025-05-19,24.09588,MAX_HOLDING,False,MARKET_WEAK,True,469.412815,0.24335437,s6ps-f03199f3e7189f9b,2,UNKNOWN,2.986826,s6setup-d6572d299243798c5c79,2025-04-15,0.043385,17.68,BOTH,MULTI,"[""ORIGINAL"", ""BOX""]",ORIGINAL,1.248179,78,s6trade-9e1acd69d2167095ba0e
NONE,BOX_SUPPORT_READY,[],BROOKS_FAILED,WATCH_CANDIDATE,688196,10.0,False,2025-06-24,43.30326,2025-07-01,48.16179,TARGET,False,MARKET_WEAK,False,473.353435,0.10931127,s6ps-f03199f3e7189f9b,1,PLATFORM,2.607543,s6setup-a789564ce640373e5994,2025-06-23,0.091465,41.44,BOX,BOX,"[""BOX""]",BOX,2.499554,86,s6trade-788282c7d11cf3d04c8e
NONE,BOX_SUPPORT_READY,[],BROOKS_CONTEXT_REJECT,WATCH_CANDIDATE,688205,10.0,False,2025-01-06,63.786723,2025-01-22,84.83508,TARGET,False,MARKET_WEAK,False,2090.44534,0.32772421,s6ps-f03199f3e7189f9b,1,UNKNOWN,3.259913,s6setup-65fe963253d88d0a6493,2025-01-03,0.148622,57.33,BOX,BOX,"[""BOX""]",BOX,4.390376,70,s6trade-4aac797d7072d67ea176
BOX_COMPACT_READY,BOX_STABLE,"[""FAILED_BEAR_BREAKOUT""]",BROOKS_CONTEXT_REJECT,WATCH_CANDIDATE,688206,10.0,True,2025-06-18,25.99597,2025-07-16,28.69128,MAX_HOLDING,False,MARKET_STRONG,False,258.041743,0.09926221,s6ps-f03199f3e7189f9b,1,UNKNOWN,1.732238,s6setup-1a641d1ac9caf0d71300,2025-06-17,0.054687,24.44,BOX,BOX,"[""BOX""]",BOX,1.4892509999999999,72,s6trade-2dcd831746c14bf8bc4b
BOX_COMPACT_READY,BOX_SUPPORT_READY,"[""MICRO_DOUBLE_BOTTOM"", ""FAILED_BEAR_BREAKOUT"", ""ORDERLY_COMPRESSION_AT_SUPPORT""]",FAILED_BEAR_BREAKOUT,KEY_CANDIDATE,688211,10.0,True,2025-06-13,31.66163,2025-07-11,31.84812,MAX_HOLDING,False,MARKET_STRONG,True,6.993073,0.00220869,s6ps-f03199f3e7189f9b,2,UNKNOWN,0.10409,s6setup-5fd917843eae226689bc,2025-06-12,0.06351,29.87,BOX,MULTI,"[""BOX"", ""BROOKS""]",BROOKS,1.655916,78,s6trade-4a16bfeddbcec396ebd2
BOX_COMPACT_READY,BOX_STABLE,"[""MICRO_DOUBLE_BOTTOM"", ""SECOND_ENTRY_LONG_READY"", ""FAILED_BEAR_BREAKOUT"", ""ORDERLY_COMPRESSION_AT_SUPPORT""]",BROOKS_SUPPORT_READY,KEY_CANDIDATE,688225,10.0,True,2025-03-04,25.4254,2025-03-31,23.14683,STOP,False,MARKET_NEUTRAL,True,-239.062908,-0.09402523,s6ps-f03199f3e7189f9b,2,UNKNOWN,-1.010273,s6setup-b7da79bddadf3235431b,2025-03-03,0.048572,23.17,BOX,MULTI,"[""BOX"", ""BROOKS""]",BROOKS,1.2059140000000002,80,s6trade-9f89cd3670d6a8b70f7b
NONE,BOX_STABLE,"[""FAILED_BEAR_BREAKOUT""]",FAILED_BEAR_BREAKOUT,KEY_CANDIDATE,688225,10.0,False,2025-03-10,26.29627,2025-03-13,24.5754,STOP,False,MARKET_STRONG,True,-183.366652,-0.06973105,s6ps-f03199f3e7189f9b,2,UNKNOWN,-1.014502,s6setup-6c0295ad1ca057113cb8,2025-03-07,0.050872,24.6,BOTH,MULTI,"[""ORIGINAL"", ""BOX""]",ORIGINAL,1.279642,81,s6trade-ae3b626b952d88ca1b1d
NONE,BOX_STABLE,"[""MICRO_DOUBLE_BOTTOM"", ""FAILED_BEAR_BREAKOUT""]",FAILED_BEAR_BREAKOUT,WATCH_CANDIDATE,688234,10.0,False,2025-10-10,84.09401,2025-10-13,74.6253,STOP_GAP,True,MARKET_STRONG,True,-960.760946,-0.11424844,s6ps-f03199f3e7189f9b,2,UNKNOWN,-1.592984,s6setup-ca55c52aa162f3095096,2025-10-09,0.158719,78.15,BOX,MULTI,"[""BOX"", ""BROOKS""]",BROOKS,3.889984,76,s6trade-27e468cd96eaf1ab6b6c
BOX_COMPACT_READY,BOX_SUPPORT_READY,"[""FAILED_BEAR_BREAKOUT"", ""ORDERLY_COMPRESSION_AT_SUPPORT""]",FAILED_BEAR_BREAKOUT,KEY_CANDIDATE,688235,17.756171000000002,True,2025-09-22,307.4071,2025-10-10,284.46525,STOP,False,MARKET_STRONG,True,-2326.756347,-0.07568974,s6ps-f03199f3e7189f9b,2,UNKNOWN,-1.012568,s6setup-769745a929022e58a476,2025-09-19,0.591872,284.75,BOX,MULTI,"[""BOX"", ""BROOKS""]",BROOKS,14.815135,79,s6trade-3ccd1fffdf8df545c1ef
BOX_COMPACT_READY,BOX_STABLE,"[""FAILED_BEAR_BREAKOUT"", ""ORDERLY_COMPRESSION_AT_SUPPORT""]",FAILED_BEAR_BREAKOUT,KEY_CANDIDATE,688235,18.158392,True,2025-09-23,312.8125,2025-10-10,292.46724,STOP,False,MARKET_STRONG,True,-2067.913035,-0.06610711,s6ps-f03199f3e7189f9b,2,UNKNOWN,-1.0146,s6setup-bea30948481b1e887e0f,2025-09-22,0.60528,292.76,BOX,MULTI,"[""BOX"", ""BROOKS""]",BROOKS,15.228642,79,s6trade-d83067ba1c943bd37c23
BOX_COMPACT_READY,BOX_SUPPORT_READY,"[""FAILED_BEAR_BREAKOUT""]",BROOKS_CONTEXT_REJECT,KEY_CANDIDATE,688235,18.169691,True,2025-09-25,311.311,2025-10-10,294.34536,STOP,False,MARKET_STRONG,False,-1730.056714,-0.05557326,s6ps-f03199f3e7189f9b,1,UNKNOWN,-1.017674,s6setup-6364bf1d4be532256cf2,2025-09-24,0.605656,294.64,BOX,BOX,"[""BOX""]",BOX,15.322924,78,s6trade-989b7d9dc5ea84a76fa1
BOX_COMPACT_READY,BOX_STABLE,"[""FAILED_BEAR_BREAKOUT""]",BROOKS_CONTEXT_REJECT,KEY_CANDIDATE,688235,18.298999,True,2025-09-26,313.6133,2025-09-29,296.35335,STOP,False,MARKET_STRONG,False,-1759.721546,-0.05611119,s6ps-f03199f3e7189f9b,1,UNKNOWN,-1.017488,s6setup-4e007621adf207db42e2,2025-09-25,0.609967,296.65,BOX,BOX,"[""BOX""]",BOX,15.427634,78,s6trade-f830c8c227a437de7dff
NONE,BOX_STABLE,"[""FAILED_BEAR_BREAKOUT""]",BROOKS_CONTEXT_REJECT,KEY_CANDIDATE,688249,10.0,False,2025-10-31,35.84581,2025-11-03,33.1668,STOP_GAP,True,MARKET_STRONG,True,-279.62836,-0.07800866,s6ps-f03199f3e7189f9b,2,UNKNOWN,-1.303141,s6setup-8f4f7a006aabcd4114df,2025-10-30,0.069013,33.79,BOTH,MULTI,"[""ORIGINAL"", ""BOX""]",ORIGINAL,1.727353,78,s6trade-c0bb40cd4380cb7b060f
NONE,BOX_BREAKOUT_READY,[],BROOKS_FAILED,KEY_CANDIDATE,688252,10.0,False,2024-11-11,24.323299,2024-11-15,23.00697,STOP,False,MARKET_STRONG,True,-142.830571,-0.05872171,s6ps-f03199f3e7189f9b,2,UNKNOWN,-1.017807,s6setup-99a79916c8c7e6f3c311,2024-11-08,0.04733,23.03,BOTH,MULTI,"[""ORIGINAL"", ""BOX""]",ORIGINAL,1.197678,77,s6trade-eef8cd6e31a2dbd69721
BOX_COMPACT_READY,BOX_SUPPORT_READY,"[""MICRO_DOUBLE_BOTTOM"", ""FAILED_BEAR_BREAKOUT"", ""ORDERLY_COMPRESSION_AT_SUPPORT""]",FAILED_BEAR_BREAKOUT,KEY_CANDIDATE,688260,10.0,True,2025-09-10,30.60057,2025-09-23,28.13184,STOP,False,MARKET_STRONG,True,-258.338335,-0.08442272,s6ps-f03199f3e7189f9b,2,UNKNOWN,-1.011538,s6setup-d3f9e34eee55f308d761,2025-09-09,0.058732,28.16,BOX,MULTI,"[""BOX"", ""BROOKS""]",BROOKS,1.465324,75,s6trade-54dfa870cce111eca038
NONE,BOX_FORMING,[],COMPACT_BEARISH_REJECT,KEY_CANDIDATE,688272,10.0,True,2025-03-11,30.22019,2025-03-13,28.0719,STOP,False,MARKET_STRONG,False,-226.290898,-0.0748807,s6ps-f03199f3e7189f9b,1,UNKNOWN,-1.013254,s6setup-fb7127c3a9b03473442b,2025-03-10,0.058292,28.1,ORIGINAL,ORIGINAL,"[""ORIGINAL""]",ORIGINAL,1.461887,80,s6trade-2da1ae14b456022c4108
BOX_COMPACT_READY,BOX_STABLE,[],COMPACT_BEARISH_REJECT,WATCH_CANDIDATE,688278,10.0,True,2025-08-14,86.571485,2025-08-27,82.80711,STOP,False,MARKET_STRONG,False,-390.747237,-0.04513579,s6ps-f03199f3e7189f9b,1,PLATFORM,-1.022515,s6setup-a8fa994084285c828d33,2025-08-13,0.169379,82.89,BOX,BOX,"[""BOX""]",BOX,4.309734,83,s6trade-195cc38a766a1d61f85e
BOX_COMPACT_READY,BOX_SUPPORT_READY,"[""MICRO_DOUBLE_BOTTOM"", ""SECOND_ENTRY_LONG_READY"", ""FAILED_BEAR_BREAKOUT"", ""ORDERLY_COMPRESSION_AT_SUPPORT""]",BROOKS_FAILED_BREAKOUT_READY,KEY_CANDIDATE,688297,10.0,True,2025-05-30,45.045,2025-06-30,53.3466,MAX_HOLDING,False,MARKET_NEUTRAL,True,817.394273,0.18146171,s6ps-f03199f3e7189f9b,3,UNKNOWN,2.84789,s6setup-e5b01dcbb14d34ef0d8f,2025-05-29,0.098392,42.13,BOTH,MULTI,"[""ORIGINAL"", ""BOX"", ""BROOKS""]",ORIGINAL,2.7657220000000002,79,s6trade-edf1edc4a82b953b7791
NONE,BOX_STABLE,"[""BEAR_FOLLOW_THROUGH_FAILED""]",BROOKS_CONTEXT_REJECT,WATCH_CANDIDATE,688299,10.0,False,2024-12-04,18.96895,2024-12-13,17.1828,STOP,False,MARKET_NEUTRAL,False,-189.5103,-0.09990553,s6ps-f03199f3e7189f9b,1,UNKNOWN,-1.009723,s6setup-43afa70145b72df89eb9,2024-12-03,0.036152,17.2,BOX,BOX,"[""BOX""]",BOX,0.895292,73,s6trade-d0894bc4ab4e8b8715d2
NONE,BOX_SUPPORT_READY,"[""BEAR_FOLLOW_THROUGH_FAILED""]",BROOKS_FAILED,WATCH_CANDIDATE,688313,10.0,False,2025-12-26,95.5955,2025-12-30,87.79212,STOP,False,MARKET_STRONG,False,-794.910997,-0.0831536,s6ps-f03199f3e7189f9b,1,UNKNOWN,-1.01139,s6setup-b3e21472ed237276500b,2025-12-25,0.183388,87.88,BOX,BOX,"[""BOX""]",BOX,4.572994,61,s6trade-ae4fef74eb771cb06572
NONE,BOX_SUPPORT_READY,"[""FAILED_BEAR_BREAKOUT""]",FAILED_BEAR_BREAKOUT,WATCH_CANDIDATE,688321,10.0,False,2025-08-07,36.42639,2025-09-04,34.95501,MAX_HOLDING,False,MARKET_STRONG,False,-158.957116,-0.0436379,s6ps-f03199f3e7189f9b,1,UNKNOWN,-0.619166,s6setup-5377fd2a99f58cc9c3ef,2025-08-06,0.071381,34.05,BOX,BOX,"[""BOX""]",BOX,1.819132,71,s6trade-38cde8a54404a871d46c
NONE,BOX_SUPPORT_READY,[],BROOKS_CONTEXT_REJECT,WATCH_CANDIDATE,688370,10.0,False,2025-09-05,27.729702,2025-09-16,25.98399,STOP,False,MARKET_STRONG,False,-185.924103,-0.06704872,s6ps-f03199f3e7189f9b,1,UNKNOWN,-1.015125,s6setup-217f312a9e7738e5738e,2025-09-04,0.053714,26.01,BOX,BOX,"[""BOX""]",BOX,1.352913,74,s6trade-b3858155fd824bb720a2
NONE,BOX_BREAKOUT_READY,[],BROOKS_CONTEXT_REJECT,WATCH_CANDIDATE,688372,10.0,False,2025-09-12,76.28621,2025-10-20,77.05287,MAX_HOLDING,False,MARKET_STRONG,False,62.660043,0.00821381,s6ps-f03199f3e7189f9b,1,UNKNOWN,0.201954,s6setup-222f95ff4fd43da40b08,2025-09-11,0.153339,72.49,BOX,BOX,"[""BOX""]",BOX,4.005982,63,s6trade-6c85ebe97c90e9c0b5a5
NONE,BOX_BREAKOUT_READY,[],BROOKS_FAILED,WATCH_CANDIDATE,688409,10.0,False,2025-10-29,75.68561,2025-11-03,70.11981,STOP,False,MARKET_STRONG,False,-570.23181,-0.07534217,s6ps-f03199f3e7189f9b,1,UNKNOWN,-1.012772,s6setup-45795528ad6336fc4943,2025-10-28,0.145805,70.19,BOX,BOX,"[""BOX""]",BOX,3.6517950000000003,73,s6trade-b94c038ca1738b914699
BOX_COMPACT_READY,BOX_SUPPORT_READY,"[""MICRO_DOUBLE_BOTTOM"", ""SECOND_ENTRY_LONG_READY"", ""FAILED_BEAR_BREAKOUT"", ""ORDERLY_COMPRESSION_AT_SUPPORT""]",SECOND_ENTRY_LONG_READY,KEY_CANDIDATE,688428,10.0,True,2025-03-18,17.92791,2025-03-24,16.63335,STOP,False,MARKET_STRONG,True,-140.322236,-0.07827027,s6ps-f03199f3e7189f9b,2,UNKNOWN,-1.013029,s6setup-ec7b7291a38d04bcf218,2025-03-17,0.034561,16.65,BOX,MULTI,"[""BOX"", ""BROOKS""]",BROOKS,0.866228,75,s6trade-a97238577845442c4e23
BOX_COMPACT_READY,BOX_STABLE,"[""MICRO_DOUBLE_BOTTOM"", ""SECOND_ENTRY_LONG_READY"", ""FAILED_BEAR_BREAKOUT"", ""ORDERLY_COMPRESSION_AT_SUPPORT""]",BROOKS_SUPPORT_READY,KEY_CANDIDATE,688428,10.0,True,2025-03-19,18.018,2025-03-24,16.75323,STOP,False,MARKET_STRONG,True,-137.34943,-0.07622901,s6ps-f03199f3e7189f9b,2,UNKNOWN,-1.013438,s6setup-7fc4a65be0b689d9920c,2025-03-18,0.034771,16.77,BOX,MULTI,"[""BOX"", ""BROOKS""]",BROOKS,0.872432,75,s6trade-a1a77fca62e56fb3d97d
BOX_COMPACT_READY,BOX_STABLE,"[""FAILED_BEAR_BREAKOUT"", ""ORDERLY_COMPRESSION_AT_SUPPORT""]",BROOKS_FAILED_BREAKOUT_READY,KEY_CANDIDATE,688466,10.0,True,2025-03-12,16.229213,2025-04-07,15.66432,STOP,False,MARKET_STRONG,True,-67.304413,-0.04147115,s6ps-f03199f3e7189f9b,3,UNKNOWN,-1.02855,s6setup-74bacd272ba85bd07fb0,2025-03-11,0.031894,15.68,BOTH,MULTI,"[""ORIGINAL"", ""BOX"", ""BROOKS""]",ORIGINAL,0.81511,78,s6trade-d505c0fc87e5f71dd713
NONE,BOX_SUPPORT_READY,[],BROOKS_FAILED,WATCH_CANDIDATE,688469,10.0,False,2025-10-22,6.37637,2025-11-19,6.88311,MAX_HOLDING,False,MARKET_NEUTRAL,False,40.316582,0.06322811,s6ps-f03199f3e7189f9b,1,UNKNOWN,1.278452,s6setup-4f26f5b925788d16026b,2025-10-21,0.013259,5.98,BOX,BOX,"[""BOX""]",BOX,0.35741500000000004,70,s6trade-5753175a4798fadef8d0
NONE,BOX_SUPPORT_READY,"[""MICRO_DOUBLE_BOTTOM"", ""FAILED_BEAR_BREAKOUT""]",FAILED_BEAR_BREAKOUT,KEY_CANDIDATE,688480,10.0,False,2025-10-31,51.53148,2025-11-21,47.34261,STOP,False,MARKET_STRONG,True,-431.353014,-0.0837067,s6ps-f03199f3e7189f9b,2,UNKNOWN,-1.011443,s6setup-1ee9a9afea96750fe1f1,2025-10-30,0.098874,47.39,BOTH,MULTI,"[""ORIGINAL"", ""BOX""]",ORIGINAL,2.466005,79,s6trade-54b6c8f2fdb598d006b5
BOX_COMPACT_READY,BOX_SUPPORT_READY,"[""MICRO_DOUBLE_BOTTOM"", ""FAILED_BEAR_BREAKOUT"", ""ORDERLY_COMPRESSION_AT_SUPPORT""]",BROOKS_FAILED_BREAKOUT_READY,KEY_CANDIDATE,688499,10.0,True,2025-07-14,39.31928,2025-07-18,49.74021,TARGET,False,MARKET_STRONG,True,1029.516918,0.26183514,s6ps-f03199f3e7189f9b,3,UNKNOWN,3.846384,s6setup-74f372bf66beabfdd5b9,2025-07-11,0.089059,36.61,BOTH,MULTI,"[""ORIGINAL"", ""BOX"", ""BROOKS""]",ORIGINAL,2.5760690000000004,81,s6trade-ee1a34e1cb2e48d6252b
NONE,BOX_SUPPORT_READY,"[""MICRO_DOUBLE_BOTTOM"", ""SECOND_ENTRY_LONG_READY"", ""FAILED_BEAR_BREAKOUT""]",BROOKS_CONTEXT_REJECT,KEY_CANDIDATE,688507,10.0,False,2025-08-22,102.22212,2025-09-03,94.82508,STOP,False,MARKET_STRONG,True,-754.64233,-0.07382378,s6ps-f03199f3e7189f9b,2,UNKNOWN,-1.012999,s6setup-987937c145bed8deb782,2025-08-21,0.197047,94.92,BOTH,MULTI,"[""ORIGINAL"", ""BOX""]",ORIGINAL,4.938301,76,s6trade-b0f2bed83ac528af9025
NONE,BOX_STABLE,"[""FAILED_BEAR_BREAKOUT"", ""BEAR_FOLLOW_THROUGH_FAILED""]",FAILED_BEAR_BREAKOUT,WATCH_CANDIDATE,688521,10.0,False,2025-04-02,97.2972,2025-04-07,90.39951,STOP,False,MARKET_WEAK,False,-704.476679,-0.07240462,s6ps-f03199f3e7189f9b,1,UNKNOWN,-1.013293,s6setup-919c1bd1592da18d9049,2025-04-01,0.187697,90.49,BOX,BOX,"[""BOX""]",BOX,4.707673,66,s6trade-20d06e98e81ef21173e0
NONE,BOX_STABLE,"[""MICRO_DOUBLE_BOTTOM"", ""FAILED_BEAR_BREAKOUT""]",FAILED_BEAR_BREAKOUT,WATCH_CANDIDATE,688580,10.0,False,2025-04-24,37.796759,2025-05-07,51.28866,TARGET,False,MARKET_WEAK,False,1336.5366,0.35361143,s6ps-f03199f3e7189f9b,1,UNKNOWN,4.342758,s6setup-641baa10d8724eb28812,2025-04-23,0.089085,34.69,BOX,BOX,"[""BOX""]",BOX,2.653518,77,s6trade-f57e89982e1ee15f2304
NONE,BOX_STABLE,[],BROOKS_FAILED,WATCH_CANDIDATE,688611,10.0,False,2025-03-19,37.730693,2025-03-21,35.70426,STOP,False,MARKET_STRONG,False,-214.501933,-0.05685078,s6ps-f03199f3e7189f9b,1,CUP_HANDLE,-1.017954,s6setup-a7e02101c7f032c59cc9,2025-03-18,0.073435,35.74,BOX,BOX,"[""BOX""]",BOX,1.8586479999999999,89,s6trade-a89a400ac9650482c6bb
BOX_COMPACT_READY,BOX_SUPPORT_READY,"[""MICRO_DOUBLE_BOTTOM"", ""FAILED_BEAR_BREAKOUT""]",BROOKS_CONTEXT_REJECT,KEY_CANDIDATE,688619,10.0,True,2025-07-08,12.70269,2025-07-24,15.86412,TARGET,False,MARKET_STRONG,False,305.321222,0.2403595,s6ps-f03199f3e7189f9b,1,UNKNOWN,3.842796,s6setup-d13a6c535c5f05eb28f3,2025-07-07,0.028567,11.88,BOX,BOX,"[""BOX""]",BOX,0.821773,76,s6trade-c597a285fd3e6dc4717e
NONE,BOX_SUPPORT_READY,[],BROOKS_CONTEXT_REJECT,KEY_CANDIDATE,688718,10.0,False,2025-08-07,14.689675,2025-08-21,15.89409,TARGET,False,MARKET_STRONG,False,109.616206,0.07462126,s6ps-f03199f3e7189f9b,1,PLATFORM,1.525203,s6setup-587e5aa084c9ac94571a,2025-08-06,0.030584,13.9,BOX,BOX,"[""BOX""]",BOX,0.8252889999999999,85,s6trade-4f7c4717557c38045884
NONE,BOX_SUPPORT_READY,[],BROOKS_FAILED,WATCH_CANDIDATE,688722,10.0,False,2025-05-22,21.875854,2025-06-16,20.4795,STOP,False,MARKET_STRONG,False,-150.70173,-0.06888953,s6ps-f03199f3e7189f9b,1,UNKNOWN,-1.0149,s6setup-cdbc5becdb2b0aec2a55,2025-05-21,0.042355,20.5,BOX,BOX,"[""BOX""]",BOX,1.06633,71,s6trade-876cf464b3b6c2f5f45c
NONE,BOX_BREAKOUT_READY,[],BROOKS_CONTEXT_REJECT,WATCH_CANDIDATE,688776,10.0,False,2025-04-22,83.083,2025-05-23,101.898,MAX_HOLDING,False,MARKET_WEAK,True,1866.22015,0.22462118,s6ps-f03199f3e7189f9b,2,UNKNOWN,2.426803,s6setup-b862b5109c23c838ff8a,2025-04-21,0.184981,75.33,BOTH,MULTI,"[""ORIGINAL"", ""BOX""]",ORIGINAL,5.279881,77,s6trade-2d31af0b90e66bb7e017
NONE,BOX_SUPPORT_READY,"[""MICRO_DOUBLE_BOTTOM"", ""FAILED_BEAR_BREAKOUT""]",FAILED_BEAR_BREAKOUT,WATCH_CANDIDATE,688787,10.0,False,2024-12-30,113.666553,2024-12-31,98.99091,STOP,False,MARKET_NEUTRAL,False,-1482.726533,-0.13044528,s6ps-f03199f3e7189f9b,1,UNKNOWN,-1.006798,s6setup-d3019118655a97c1c18a,2024-12-27,0.212657,99.09,BOX,BOX,"[""BOX""]",BOX,5.162203,69,s6trade-a75762a476f1ff2c9793
NONE,BOX_SUPPORT_READY,"[""MICRO_DOUBLE_BOTTOM"", ""FAILED_BEAR_BREAKOUT""]",BROOKS_FAILED_BREAKOUT_READY,WATCH_CANDIDATE,688787,10.0,False,2024-12-31,112.265153,2025-01-02,97.875027,STOP_GAP,True,MARKET_NEUTRAL,True,-1454.116527,-0.12952519,s6ps-f03199f3e7189f9b,2,UNKNOWN,-1.114205,s6setup-7432ad1cb6aa3d94c1cc,2024-12-30,0.21014,99.35,BOX,MULTI,"[""BOX"", ""BROOKS""]",BROOKS,5.103891,74,s6trade-ae1ddfaf418a45cb63d3
NONE,BOX_STABLE,"[""FAILED_BEAR_BREAKOUT""]",FAILED_BEAR_BREAKOUT,WATCH_CANDIDATE,689009,10.0,False,2025-03-14,59.20915,2025-04-07,56.52342,STOP,False,MARKET_NEUTRAL,False,-281.514877,-0.04754584,s6ps-f03199f3e7189f9b,1,UNKNOWN,-1.02152,s6setup-02d7326cfc51e8d6b2de,2025-03-13,0.115733,56.58,BOX,BOX,"[""BOX""]",BOX,2.941904,72,s6trade-746c71e20636c683dfb8
