box_quality_tag,box_status,brooks_setup_types,brooks_status,candidate_type,code,commission,compact_kline_pass,entry_archetype,entry_date,entry_price,exit_date,exit_price,exit_reason,intraday_stop_breach,market_status,multi_path_confirmed,net_profit,net_return,parameter_set_id,passed_path_count,path_evidence_band,path_evidence_score,pattern_type,r_multiple,score_model_version,setup_id,setup_quality_band,setup_quality_score,signal_date,slippage,start_event_quality_score,start_quality_band,stop_loss_price,support_reaction_band,support_reaction_score,tail_path,tail_path_summary,tail_paths,tail_primary_path,tax,total_score,trade_id
NONE,BOX_STABLE,"[""MICRO_DOUBLE_BOTTOM"", ""FAILED_BEAR_BREAKOUT""]",FAILED_BEAR_BREAKOUT,KEY_CANDIDATE,000829,10.0,False,SUPPORT_PULLBACK,2024-11-15,15.06505,2024-11-18,14.14584,STOP,False,MARKET_STRONG,True,-102.657499,-0.06814282,s6ps-92f310712192eee3,2,15-19,15,UNKNOWN,-1.015646,S6_QUALITY_V2,s6setup-085cfe806f3931768d77,15-19,16,2024-11-14,0.029211,20,20-24,14.16,10-14,10,BOTH,MULTI,"[""ORIGINAL"", ""BOX""]",ORIGINAL,0.736503,76,s6trade-ffd1bee250e4784dc48c
NONE,BOX_SUPPORT_READY,"[""FAILED_BEAR_BREAKOUT""]",FAILED_BEAR_BREAKOUT,WATCH_CANDIDATE,000901,10.0,False,SUPPORT_PULLBACK,2025-08-29,18.42841,2025-09-03,16.92306,STOP,False,MARKET_STRONG,True,-161.416507,-0.08759112,s6ps-92f310712192eee3,2,15-19,15,UNKNOWN,-1.011381,S6_QUALITY_V2,s6setup-dc999fb57a8ae386f6f0,15-19,15,2025-08-28,0.035351,19,15-19,16.94,05-09,8,BOTH,MULTI,"[""ORIGINAL"", ""BOX""]",ORIGINAL,0.8815040000000001,73,s6trade-a1ce381edbe367ba79f4
NONE,BOX_BREAKOUT_READY,[],BROOKS_FAILED,WATCH_CANDIDATE,000948,10.0,False,SUPPORT_PULLBACK,2025-03-11,19.8198,2025-03-19,19.17081,STOP,False,MARKET_STRONG,False,-75.896535,-0.03829329,s6ps-92f310712192eee3,1,00-04,3,UNKNOWN,-1.03047,S6_QUALITY_V2,s6setup-1e4f346d71885992b9b7,10-14,13,2025-03-10,0.038991,20,20-24,19.19,05-09,8,BOX,BOX,"[""BOX""]",BOX,0.997531,52,s6trade-5f72b7e929589ee1945f
NONE,BOX_SUPPORT_READY,"[""MICRO_DOUBLE_BOTTOM"", ""SECOND_ENTRY_LONG_READY"", ""FAILED_BEAR_BREAKOUT""]",BROOKS_CONTEXT_REJECT,WATCH_CANDIDATE,001267,0.0,False,SUPPORT_PULLBACK,2025-12-30,21.278257,,0.0,UNRESOLVED_NO_EXIT_BAR,False,MARKET_STRONG,True,0.0,0.0,s6ps-92f310712192eee3,2,15-19,15,PLATFORM,0.0,S6_QUALITY_V2,s6setup-223e50ba051c0a8871db,10-14,13,2025-12-29,0.0,16,15-19,20.39,10-14,10,BOTH,MULTI,"[""ORIGINAL"", ""BOX""]",ORIGINAL,0.0,76,s6trade-c8454f79880694ad7cd8
BOX_COMPACT_READY,BOX_BREAKOUT_READY,"[""FAILED_BEAR_BREAKOUT""]",FAILED_BEAR_BREAKOUT,KEY_CANDIDATE,002142,10.0,True,SUPPORT_PULLBACK,2024-10-25,26.37635,2024-11-04,25.21476,STOP,False,MARKET_STRONG,True,-127.471334,-0.04832789,s6ps-92f310712192eee3,3,15-19,15,UNKNOWN,-1.022211,S6_QUALITY_V2,s6setup-ffdd0041308f3fe5cc72,15-19,19,2024-10-24,0.051591,16,15-19,25.24,05-09,7,BOTH,MULTI,"[""ORIGINAL"", ""BOX"", ""BROOKS""]",ORIGINAL,1.3123289999999999,75,s6trade-95baea5470c5c1c220f4
NONE,BOX_SUPPORT_READY,"[""MICRO_DOUBLE_BOTTOM"", ""FAILED_BEAR_BREAKOUT""]",BROOKS_FAILED_BREAKOUT_READY,WATCH_CANDIDATE,002152,10.0,False,FAILED_BREAKOUT_RECLAIM,2025-03-12,14.54453,2025-03-20,13.95603,STOP,False,MARKET_STRONG,True,-69.576305,-0.04783675,s6ps-92f310712192eee3,3,15-19,15,UNKNOWN,-1.024316,S6_QUALITY_V2,s6setup-bd8b131fa0905be2cc31,10-14,13,2025-03-11,0.028501,19,15-19,13.97,05-09,8,BOTH,MULTI,"[""ORIGINAL"", ""BOX"", ""BROOKS""]",ORIGINAL,0.726303,70,s6trade-6de7557c24bed249caff
NONE,BOX_SUPPORT_READY,"[""FAILED_BEAR_BREAKOUT""]",BROOKS_CONTEXT_REJECT,WATCH_CANDIDATE,002229,10.0,False,SUPPORT_PULLBACK,2025-07-31,18.7187,2025-08-04,17.74224,STOP,False,MARKET_STRONG,True,-108.569564,-0.05800059,s6ps-92f310712192eee3,2,15-19,15,UNKNOWN,-1.018525,S6_QUALITY_V2,s6setup-a50133f018fa3b741b7a,10-14,12,2025-07-30,0.036461,14,10-14,17.76,05-09,8,BOTH,MULTI,"[""ORIGINAL"", ""BOX""]",ORIGINAL,0.923573,64,s6trade-1ec633c230d19192d38c
NONE,BOX_BREAKOUT_READY,[],BROOKS_FAILED,WATCH_CANDIDATE,002317,10.0,False,SUPPORT_PULLBACK,2025-07-02,15.20519,2025-07-29,18.85113,TARGET,False,MARKET_STRONG,True,353.617388,0.23256361,s6ps-92f310712192eee3,2,15-19,15,UNKNOWN,4.472503,S6_QUALITY_V2,s6setup-6a3585526fde8c7dfc5b,15-19,15,2025-07-01,0.034056,20,20-24,14.39,10-14,10,BOTH,MULTI,"[""ORIGINAL"", ""BOX""]",ORIGINAL,0.976613,74,s6trade-01903c5165525a6f57cf
NONE,BOX_STABLE,[],BROOKS_CONTEXT_REJECT,WATCH_CANDIDATE,002317,10.0,False,SUPPORT_PULLBACK,2025-08-26,22.79277,2025-08-27,21.74823,STOP,False,MARKET_STRONG,True,-115.585943,-0.05071167,s6ps-92f310712192eee3,2,15-19,15,UNKNOWN,-1.021285,S6_QUALITY_V2,s6setup-ca2dc9a2f22b3e9d5c28,15-19,17,2025-08-25,0.044541,20,20-24,21.77,05-09,8,BOTH,MULTI,"[""ORIGINAL"", ""BOX""]",ORIGINAL,1.1319519999999998,71,s6trade-4de1cbf28acdf844da6c
NONE,BOX_BREAKOUT_READY,"[""BEAR_FOLLOW_THROUGH_FAILED""]",BROOKS_FAILED,WATCH_CANDIDATE,002378,10.0,False,SUPPORT_PULLBACK,2025-09-15,13.5135,2025-09-16,12.67731,STOP,False,MARKET_STRONG,True,-94.279054,-0.06976657,s6ps-92f310712192eee3,2,15-19,15,UNKNOWN,-1.01541,S6_QUALITY_V2,s6setup-c4520a011b1400a27c31,10-14,11,2025-09-12,0.026191,20,20-24,12.69,10-14,10,BOTH,MULTI,"[""ORIGINAL"", ""BOX""]",ORIGINAL,0.660056,71,s6trade-193361440c2212ac5753
NONE,BOX_FORMING,"[""MICRO_DOUBLE_BOTTOM"", ""FAILED_BEAR_BREAKOUT""]",FAILED_BEAR_BREAKOUT,WATCH_CANDIDATE,002463,10.0,False,SUPPORT_PULLBACK,2024-07-04,37.2372,2024-07-18,35.39457,STOP_GAP,False,MARKET_WEAK,False,-196.105357,-0.05266383,s6ps-92f310712192eee3,1,10-14,10,UNKNOWN,-1.066831,S6_QUALITY_V2,s6setup-36dae2d212a409c0fe1f,10-14,12,2024-07-03,0.072632,17,15-19,35.51,10-14,10,ORIGINAL,ORIGINAL,"[""ORIGINAL""]",ORIGINAL,1.8423610000000001,64,s6trade-dcf1877c3fa1e507073c
NONE,BOX_SUPPORT_READY,"[""BEAR_FOLLOW_THROUGH_FAILED""]",BROOKS_FAILED,WATCH_CANDIDATE,002600,10.0,False,SUPPORT_PULLBACK,2024-11-11,8.48848,2024-11-25,7.8921,STOP,False,MARKET_STRONG,True,-70.048983,-0.08252241,s6ps-92f310712192eee3,2,15-19,15,UNKNOWN,-1.013424,S6_QUALITY_V2,s6setup-683787f79104f8ee2e19,15-19,15,2024-11-08,0.016381,20,20-24,7.9,05-09,8,BOTH,MULTI,"[""ORIGINAL"", ""BOX""]",ORIGINAL,0.41098599999999996,73,s6trade-14eb7d03f4bc071225e4
NONE,BOX_FORMING,[],BROOKS_FAILED,WATCH_CANDIDATE,002664,10.0,False,SUPPORT_PULLBACK,2025-03-11,18.89888,2025-03-13,18.00198,STOP,False,MARKET_STRONG,False,-100.626992,-0.05324495,s6ps-92f310712192eee3,1,10-14,10,UNKNOWN,-1.020503,S6_QUALITY_V2,s6setup-b8d6629bc011aa8e560c,05-09,8,2025-03-10,0.036901,20,20-24,18.02,05-09,5,ORIGINAL,ORIGINAL,"[""ORIGINAL""]",ORIGINAL,0.9369999999999999,58,s6trade-3032dd7e60348fb5304c
NONE,BOX_BREAKOUT_READY,"[""MICRO_DOUBLE_BOTTOM"", ""SECOND_ENTRY_LONG_READY"", ""FAILED_BEAR_BREAKOUT"", ""BEAR_FOLLOW_THROUGH_FAILED""]",SECOND_ENTRY_LONG_READY,WATCH_CANDIDATE,002664,10.0,False,SUPPORT_PULLBACK,2025-09-15,28.76874,2025-10-21,31.92804,MAX_HOLDING,False,MARKET_STRONG,True,304.272895,0.10576511,s6ps-92f310712192eee3,2,15-19,15,UNKNOWN,1.638012,S6_QUALITY_V2,s6setup-e418b71eb2c883153270,10-14,12,2025-09-12,0.060697,20,20-24,26.84,10-14,10,BOTH,MULTI,"[""ORIGINAL"", ""BOX""]",ORIGINAL,1.657099,72,s6trade-d8819de87132589188a9
BOX_COMPACT_READY,BOX_BREAKOUT_READY,"[""MICRO_DOUBLE_BOTTOM"", ""SECOND_ENTRY_LONG_READY""]",BROOKS_CONTEXT_REJECT,WATCH_CANDIDATE,002736,10.0,True,SUPPORT_PULLBACK,2025-08-11,13.50349,2025-08-25,15.47451,TARGET,False,MARKET_STRONG,True,186.299293,0.13796381,s6ps-92f310712192eee3,2,15-19,15,UNKNOWN,5.139691,S6_QUALITY_V2,s6setup-80f9b3481d3dc454be12,10-14,14,2025-08-08,0.028978,15,15-19,13.12,10-14,10,BOTH,MULTI,"[""ORIGINAL"", ""BOX""]",ORIGINAL,0.802704,69,s6trade-95453fa0cfb1220d0cfd
BOX_COMPACT_READY,BOX_STABLE,"[""MICRO_DOUBLE_BOTTOM"", ""SECOND_ENTRY_LONG_READY"", ""FAILED_BEAR_BREAKOUT""]",SECOND_ENTRY_LONG_READY,WATCH_CANDIDATE,002736,10.0,True,SUPPORT_PULLBACK,2025-08-13,13.74373,2025-08-25,15.41457,TARGET,False,MARKET_STRONG,True,156.284118,0.11371303,s6ps-92f310712192eee3,3,15-19,15,UNKNOWN,3.25237,S6_QUALITY_V2,s6setup-f4cdd39f619657adc0b6,10-14,14,2025-08-12,0.029158,15,15-19,13.23,10-14,10,BOTH,MULTI,"[""ORIGINAL"", ""BOX"", ""BROOKS""]",ORIGINAL,0.799887,68,s6trade-1ab7bc26e33792c80cf2
NONE,BOX_STABLE,[],BROOKS_FAILED,WATCH_CANDIDATE,002837,10.0,False,SUPPORT_PULLBACK,2025-01-17,38.5385,2025-02-21,47.22273,TARGET,False,MARKET_WEAK,True,855.976118,0.22210935,s6ps-92f310712192eee3,2,15-19,15,UNKNOWN,4.749374,S6_QUALITY_V2,s6setup-248662f472afe8ce556d,10-14,12,2025-01-16,0.085761,19,15-19,36.71,05-09,8,BOTH,MULTI,"[""ORIGINAL"", ""BOX""]",ORIGINAL,2.446898,70,s6trade-f8caeda725ed22d7afd4
NONE,BOX_FORMING,"[""BEAR_FOLLOW_THROUGH_FAILED""]",BROOKS_FAILED,WATCH_CANDIDATE,002979,10.0,False,SUPPORT_PULLBACK,2024-11-26,28.29827,2024-11-27,26.86311,STOP_GAP,False,MARKET_NEUTRAL,False,-154.914323,-0.05474339,s6ps-92f310712192eee3,1,10-14,10,UNKNOWN,-1.207773,S6_QUALITY_V2,s6setup-313394d2517122d09fe9,15-19,15,2024-11-25,0.055161,19,15-19,27.11,10-14,10,ORIGINAL,ORIGINAL,"[""ORIGINAL""]",ORIGINAL,1.3983160000000001,69,s6trade-ff8c8ebe8f4c0e6a2ae6
NONE,BOX_FORMING,"[""MICRO_DOUBLE_BOTTOM"", ""FAILED_BEAR_BREAKOUT"", ""BEAR_FOLLOW_THROUGH_FAILED""]",BROOKS_CONTEXT_REJECT,WATCH_CANDIDATE,300043,10.0,False,SUPPORT_PULLBACK,2025-06-30,4.52452,2025-07-02,5.46453,TARGET,False,MARKET_STRONG,False,83.717782,0.1850313,s6ps-92f310712192eee3,1,10-14,10,UNKNOWN,2.114663,S6_QUALITY_V2,s6setup-8d37cfd53f2039b5c9e3,15-19,15,2025-06-27,0.009989,19,15-19,4.08,10-14,10,ORIGINAL,ORIGINAL,"[""ORIGINAL""]",ORIGINAL,0.28321500000000005,65,s6trade-744e72dd019f29fb580d
NONE,BOX_FORMING,[],BROOKS_FAILED,WATCH_CANDIDATE,300046,10.0,False,SUPPORT_PULLBACK,2024-11-12,43.598555,2024-11-15,39.75021,STOP,False,MARKET_STRONG,False,-396.905375,-0.09103636,s6ps-92f310712192eee3,1,10-14,10,UNKNOWN,-1.010448,S6_QUALITY_V2,s6setup-8b208f129c4502348c9e,10-14,11,2024-11-11,0.083349,19,15-19,39.79,10-14,10,ORIGINAL,ORIGINAL,"[""ORIGINAL""]",ORIGINAL,2.070859,65,s6trade-801d4ff988840ecf62f6
NONE,BOX_STABLE,"[""MICRO_DOUBLE_BOTTOM"", ""FAILED_BEAR_BREAKOUT"", ""BEAR_FOLLOW_THROUGH_FAILED""]",FAILED_BEAR_BREAKOUT,KEY_CANDIDATE,300073,10.0,False,SUPPORT_PULLBACK,2025-10-22,65.642577,2025-11-05,61.8381,STOP,False,MARKET_NEUTRAL,True,-393.667068,-0.0599713,s6ps-92f310712192eee3,2,15-19,15,UNKNOWN,-1.016539,S6_QUALITY_V2,s6setup-b462b4d77066b05af091,10-14,14,2025-10-21,0.127481,20,20-24,61.9,10-14,10,BOTH,MULTI,"[""ORIGINAL"", ""BOX""]",ORIGINAL,3.219386,77,s6trade-eed14268f9627c50dde4
NONE,BOX_BREAKOUT_READY,"[""FAILED_BEAR_BREAKOUT""]",FAILED_BEAR_BREAKOUT,WATCH_CANDIDATE,300124,10.0,False,SUPPORT_PULLBACK,2025-03-12,77.3773,2025-03-13,74.2257,STOP,False,MARKET_STRONG,True,-329.022904,-0.04252189,s6ps-92f310712192eee3,2,15-19,15,UNKNOWN,-1.024145,S6_QUALITY_V2,s6setup-a3ddd2294c9714599d13,15-19,16,2025-03-11,0.151603,19,15-19,74.3,10-14,10,BOTH,MULTI,"[""ORIGINAL"", ""BOX""]",ORIGINAL,3.8628880000000003,73,s6trade-8a0154ea963e51209c47
NONE,BOX_FORMING,[],BROOKS_FAILED,WATCH_CANDIDATE,300139,10.0,False,SUPPORT_PULLBACK,2024-11-01,19.43942,2024-11-04,18.19179,STOP,False,MARKET_STRONG,False,-135.710226,-0.06981187,s6ps-92f310712192eee3,1,10-14,10,UNKNOWN,-1.014812,S6_QUALITY_V2,s6setup-07f14cf51322453b8607,15-19,16,2024-10-31,0.037631,20,20-24,18.21,10-14,10,ORIGINAL,ORIGINAL,"[""ORIGINAL""]",ORIGINAL,0.947221,71,s6trade-2fc0a72c33370ced7ee1
BOX_COMPACT_READY,BOX_SUPPORT_READY,"[""MICRO_DOUBLE_BOTTOM"", ""FAILED_BEAR_BREAKOUT""]",BROOKS_CONTEXT_REJECT,WATCH_CANDIDATE,300199,10.0,True,SUPPORT_PULLBACK,2025-06-30,16.29628,2025-07-28,19.10088,MAX_HOLDING,False,MARKET_STRONG,True,269.469566,0.16535649,s6ps-92f310712192eee3,2,15-19,15,UNKNOWN,2.425537,S6_QUALITY_V2,s6setup-98b6d5982ad98654f26b,10-14,13,2025-06-27,0.035397,19,15-19,15.14,10-14,10,BOTH,MULTI,"[""ORIGINAL"", ""BOX""]",ORIGINAL,0.990441,71,s6trade-82c814230fea6c913800
NONE,BOX_BREAKOUT_READY,"[""MICRO_DOUBLE_BOTTOM"", ""BEAR_FOLLOW_THROUGH_FAILED""]",MICRO_DOUBLE_BOTTOM,WATCH_CANDIDATE,300276,10.0,False,SUPPORT_PULLBACK,2024-12-27,10.73072,2024-12-31,9.40059,STOP,False,MARKET_NEUTRAL,False,-143.503163,-0.13373116,s6ps-92f310712192eee3,1,00-04,3,UNKNOWN,-1.007125,S6_QUALITY_V2,s6setup-803ae6b4233c676c4f49,15-19,18,2024-12-26,0.020131,18,15-19,9.41,05-09,7,BOX,BOX,"[""BOX""]",BOX,0.49016,62,s6trade-23018095d30a9861ca20
NONE,BOX_BREAKOUT_READY,"[""MICRO_DOUBLE_BOTTOM"", ""FAILED_BEAR_BREAKOUT""]",FAILED_BEAR_BREAKOUT,WATCH_CANDIDATE,300276,10.0,False,SUPPORT_PULLBACK,2025-03-13,14.19418,2025-03-14,13.1868,STOP_GAP,True,MARKET_STRONG,True,-111.424725,-0.07850029,s6ps-92f310712192eee3,2,15-19,15,UNKNOWN,-1.066936,S6_QUALITY_V2,s6setup-a2e8f236483f82aaa623,10-14,14,2025-03-12,0.027381,20,20-24,13.25,05-09,7,BOTH,MULTI,"[""ORIGINAL"", ""BOX""]",ORIGINAL,0.686721,73,s6trade-bed76ee6310539df9631
NONE,BOX_STABLE,"[""FAILED_BEAR_BREAKOUT"", ""BEAR_FOLLOW_THROUGH_FAILED""]",FAILED_BEAR_BREAKOUT,WATCH_CANDIDATE,300292,10.0,False,SUPPORT_PULLBACK,2024-11-11,5.85585,2024-11-14,5.50449,STOP,False,MARKET_STRONG,True,-45.422587,-0.07756788,s6ps-92f310712192eee3,3,15-19,15,UNKNOWN,-1.015932,S6_QUALITY_V2,s6setup-42aecdd1b53a22bfcf7d,10-14,11,2024-11-08,0.01136,17,15-19,5.51,05-09,5,BOTH,MULTI,"[""ORIGINAL"", ""BOX"", ""BROOKS""]",ORIGINAL,0.286584,61,s6trade-762b54eca54ec12cee66
NONE,BOX_BREAKOUT_READY,"[""FAILED_BEAR_BREAKOUT"", ""BEAR_FOLLOW_THROUGH_FAILED""]",BROOKS_CONTEXT_REJECT,WATCH_CANDIDATE,300299,10.0,False,SUPPORT_PULLBACK,2025-06-30,7.31731,2025-07-28,7.1928,MAX_HOLDING,False,MARKET_STRONG,True,-22.825149,-0.03119336,s6ps-92f310712192eee3,2,15-19,15,UNKNOWN,-0.260858,S6_QUALITY_V2,s6setup-fad07293b444a823ad08,10-14,14,2025-06-27,0.01451,18,15-19,6.84,10-14,10,BOTH,MULTI,"[""ORIGINAL"", ""BOX""]",ORIGINAL,0.37415000000000004,71,s6trade-215f971b93fe7290db01
NONE,BOX_FORMING,"[""MICRO_DOUBLE_BOTTOM"", ""BEAR_FOLLOW_THROUGH_FAILED""]",MICRO_DOUBLE_BOTTOM,WATCH_CANDIDATE,300303,10.0,False,SUPPORT_PULLBACK,2024-11-11,7.358351,2024-11-15,6.81318,STOP,False,MARKET_STRONG,True,-64.871929,-0.08816096,s6ps-92f310712192eee3,2,10-14,12,UNKNOWN,-1.012668,S6_QUALITY_V2,s6setup-481bd3cc8486c5ed323e,10-14,14,2024-11-08,0.014172,17,15-19,6.82,10-14,10,ORIGINAL,MULTI,"[""ORIGINAL"", ""BROOKS""]",ORIGINAL,0.354831,67,s6trade-5221230f43efaaa4fd8e
NONE,BOX_STABLE,"[""FAILED_BEAR_BREAKOUT""]",BROOKS_FAILED_BREAKOUT_READY,WATCH_CANDIDATE,300394,10.0,False,FAILED_BREAKOUT_RECLAIM,2025-09-22,133.919786,2025-09-29,120.808071,STOP_GAP,False,MARKET_STRONG,True,-1327.466621,-0.09912401,s6ps-92f310712192eee3,3,15-19,15,UNKNOWN,-1.173856,S6_QUALITY_V2,s6setup-ae4b243983b20bc0b5f9,10-14,11,2025-09-19,0.254728,13,10-14,122.75,10-14,10,BOTH,MULTI,"[""ORIGINAL"", ""BOX"", ""BROOKS""]",ORIGINAL,6.295132,66,s6trade-00309f3fc9ba352ef41d
NONE,BOX_STABLE,[],BROOKS_FAILED,WATCH_CANDIDATE,300468,10.0,False,SUPPORT_PULLBACK,2025-07-10,48.07803,2025-07-14,43.84611,STOP,True,MARKET_STRONG,False,-435.476228,-0.09057697,s6ps-92f310712192eee3,1,00-04,3,UNKNOWN,-1.01048,S6_QUALITY_V2,s6setup-b5f3c1335eb3444dbfc4,15-19,19,2025-07-09,0.091924,20,20-24,43.89,10-14,10,BOX,BOX,"[""BOX""]",BOX,2.28423,67,s6trade-8ff3bfafc9187c28b517
NONE,BOX_FORMING,"[""BEAR_FOLLOW_THROUGH_FAILED""]",BROOKS_FAILED,WATCH_CANDIDATE,300570,10.0,False,SUPPORT_PULLBACK,2024-11-14,76.62655,2024-11-15,69.82011,STOP,False,MARKET_STRONG,False,-694.281446,-0.09060586,s6ps-92f310712192eee3,1,10-14,10,UNKNOWN,-1.010375,S6_QUALITY_V2,s6setup-38a6a6d341095f048664,10-14,14,2024-11-13,0.146447,20,20-24,69.89,10-14,10,ORIGINAL,ORIGINAL,"[""ORIGINAL""]",ORIGINAL,3.6374519999999997,68,s6trade-f7b5acdf044689df1945
NONE,BOX_BREAKOUT_READY,[],BROOKS_FAILED,WATCH_CANDIDATE,300604,10.0,False,SUPPORT_PULLBACK,2025-09-17,59.96991,2025-09-23,74.73519,TARGET,False,MARKET_STRONG,True,1462.65651,0.2438984,s6ps-92f310712192eee3,2,15-19,15,UNKNOWN,3.845215,S6_QUALITY_V2,s6setup-541f126d80173b7eb722,15-19,16,2025-09-16,0.134705,19,15-19,56.13,10-14,10,BOTH,MULTI,"[""ORIGINAL"", ""BOX""]",ORIGINAL,3.8714649999999997,73,s6trade-1f9e0069a824c2552eaa
NONE,BOX_STABLE,"[""MICRO_DOUBLE_BOTTOM"", ""FAILED_BEAR_BREAKOUT"", ""BEAR_FOLLOW_THROUGH_FAILED""]",BROOKS_CONTEXT_REJECT,WATCH_CANDIDATE,300660,10.0,False,SUPPORT_PULLBACK,2024-12-30,40.49045,2024-12-31,38.22174,STOP,False,MARKET_NEUTRAL,False,-238.860817,-0.05899189,s6ps-92f310712192eee3,1,00-04,3,UNKNOWN,-1.017153,S6_QUALITY_V2,s6setup-04ef634a8a882f10d1b6,15-19,16,2024-12-27,0.078712,20,20-24,38.26,10-14,10,BOX,BOX,"[""BOX""]",BOX,1.989799,63,s6trade-343eda6be8c9ecfbdba6
NONE,BOX_STABLE,"[""FAILED_BEAR_BREAKOUT"", ""BEAR_FOLLOW_THROUGH_FAILED""]",FAILED_BEAR_BREAKOUT,KEY_CANDIDATE,300672,10.0,False,SUPPORT_PULLBACK,2025-03-10,81.01093,2025-03-13,77.1228,STOP,False,MARKET_STRONG,True,-402.827254,-0.04972505,s6ps-92f310712192eee3,2,15-19,15,PLATFORM,-1.020258,S6_QUALITY_V2,s6setup-53bbe2b1467590242655,15-19,15,2025-03-07,0.158134,19,15-19,77.2,05-09,7,BOTH,MULTI,"[""ORIGINAL"", ""BOX""]",ORIGINAL,4.014274,79,s6trade-c7ace37ac66591b78e53
NONE,BOX_FORMING,"[""BEAR_FOLLOW_THROUGH_FAILED""]",BROOKS_FAILED,WATCH_CANDIDATE,300708,10.0,False,SUPPORT_PULLBACK,2025-01-23,13.67366,2025-02-28,12.55743,STOP,False,MARKET_NEUTRAL,False,-122.277101,-0.08942529,s6ps-92f310712192eee3,1,10-14,10,UNKNOWN,-1.011389,S6_QUALITY_V2,s6setup-0a630f7143c7c44f29df,15-19,15,2025-01-22,0.026231,8,05-09,12.57,05-09,8,ORIGINAL,ORIGINAL,"[""ORIGINAL""]",ORIGINAL,0.654103,59,s6trade-9e8d7f0a8323d58e94bf
NONE,BOX_BREAKOUT_READY,[],BROOKS_FAILED,WATCH_CANDIDATE,300723,10.0,False,SUPPORT_PULLBACK,2025-05-07,39.50947,2025-05-08,36.59337,STOP,False,MARKET_NEUTRAL,True,-303.515779,-0.07682102,s6ps-92f310712192eee3,2,15-19,15,UNKNOWN,-1.012721,S6_QUALITY_V2,s6setup-9e030ba86f6a41585748,10-14,12,2025-05-06,0.076103,18,15-19,36.63,05-09,7,BOTH,MULTI,"[""ORIGINAL"", ""BOX""]",ORIGINAL,1.905772,70,s6trade-8280272f86e2c6396731
NONE,BOX_BREAKOUT_READY,"[""FAILED_BEAR_BREAKOUT""]",FAILED_BEAR_BREAKOUT,WATCH_CANDIDATE,300750,15.388784999999999,False,SUPPORT_PULLBACK,2024-10-29,256.49624,2024-11-26,256.46328,MAX_HOLDING,False,MARKET_STRONG,True,-32.020991,-0.0012484,s6ps-92f310712192eee3,3,15-19,15,UNKNOWN,-0.002062,S6_QUALITY_V2,s6setup-4586d979c2ffd2e5a1c1,15-19,17,2024-10-28,0.51296,16,15-19,240.51,10-14,10,BOTH,MULTI,"[""ORIGINAL"", ""BOX"", ""BROOKS""]",ORIGINAL,13.336124,73,s6trade-e8821e692d45ffaff7b0
NONE,BOX_BREAKOUT_READY,"[""BEAR_FOLLOW_THROUGH_FAILED""]",BROOKS_FAILED,KEY_CANDIDATE,300843,10.0,False,SUPPORT_PULLBACK,2025-09-12,56.32627,2025-10-13,49.36059,STOP_GAP,False,MARKET_STRONG,True,-709.141712,-0.12589893,s6ps-92f310712192eee3,2,15-19,15,UNKNOWN,-1.276638,S6_QUALITY_V2,s6setup-effbbcfbd9f6a9ade213,15-19,16,2025-09-11,0.105687,20,20-24,50.87,10-14,10,BOTH,MULTI,"[""ORIGINAL"", ""BOX""]",ORIGINAL,2.5737170000000003,76,s6trade-5adbf50b135cb67cc1dc
NONE,BOX_BREAKOUT_READY,"[""MICRO_DOUBLE_BOTTOM"", ""FAILED_BEAR_BREAKOUT""]",FAILED_BEAR_BREAKOUT,WATCH_CANDIDATE,300875,10.0,False,SUPPORT_PULLBACK,2025-08-27,57.057,2025-08-28,52.07787,STOP_GAP,True,MARKET_STRONG,False,-510.62603,-0.08949402,s6ps-92f310712192eee3,1,00-04,3,UNKNOWN,-1.297662,S6_QUALITY_V2,s6setup-97303033618698e750c3,15-19,19,2025-08-26,0.109135,20,20-24,53.22,10-14,10,BOX,BOX,"[""BOX""]",BOX,2.713028,67,s6trade-36db3e202482c5199916
NONE,BOX_STABLE,"[""MICRO_DOUBLE_BOTTOM"", ""FAILED_BEAR_BREAKOUT""]",FAILED_BEAR_BREAKOUT,WATCH_CANDIDATE,300925,10.0,False,SUPPORT_PULLBACK,2025-02-27,27.4274,2025-02-28,25.5744,STOP,False,MARKET_STRONG,True,-196.631721,-0.07169171,s6ps-92f310712192eee3,2,15-19,15,UNKNOWN,-1.014009,S6_QUALITY_V2,s6setup-38cff9e0e7e0419fec38,10-14,14,2025-02-26,0.053002,17,15-19,25.6,05-09,8,BOTH,MULTI,"[""ORIGINAL"", ""BOX""]",ORIGINAL,1.331722,64,s6trade-bd591d2831d388e40153
NONE,BOX_BREAKOUT_READY,[],BROOKS_FAILED,WATCH_CANDIDATE,300953,10.0,False,SUPPORT_PULLBACK,2025-09-29,121.766645,2025-10-14,113.82606,STOP,False,MARKET_STRONG,True,-809.985391,-0.06651948,s6ps-92f310712192eee3,2,15-19,15,UNKNOWN,-1.014558,S6_QUALITY_V2,s6setup-1e6cb85e40e24aac5c88,10-14,14,2025-09-26,0.235593,19,15-19,113.94,05-09,5,BOTH,MULTI,"[""ORIGINAL"", ""BOX""]",ORIGINAL,5.926895999999999,65,s6trade-3c4008d6911b7028517d
NONE,BOX_FORMING,"[""FAILED_BEAR_BREAKOUT""]",BROOKS_CONTEXT_REJECT,WATCH_CANDIDATE,301018,10.0,False,SUPPORT_PULLBACK,2025-03-11,48.37833,2025-03-14,45.57438,STOP,False,MARKET_STRONG,False,-292.767656,-0.06051628,s6ps-92f310712192eee3,1,10-14,10,UNKNOWN,-1.016539,S6_QUALITY_V2,s6setup-7de0bc422549ebd1bf4f,15-19,16,2025-03-10,0.093953,18,15-19,45.62,10-14,10,ORIGINAL,ORIGINAL,"[""ORIGINAL""]",ORIGINAL,2.372672,67,s6trade-16db9308d5bca74c2f73
NONE,BOX_BREAKOUT_READY,"[""MICRO_DOUBLE_BOTTOM"", ""FAILED_BEAR_BREAKOUT""]",BROOKS_CONTEXT_REJECT,WATCH_CANDIDATE,301018,10.0,False,SUPPORT_PULLBACK,2025-03-12,50.06001,2025-03-14,46.09386,STOP,False,MARKET_STRONG,True,-409.015862,-0.08170511,s6ps-92f310712192eee3,2,15-19,15,UNKNOWN,-1.01177,S6_QUALITY_V2,s6setup-2ae58d8f9f65aa0ad013,15-19,15,2025-03-11,0.096154,18,15-19,46.14,10-14,10,BOTH,MULTI,"[""ORIGINAL"", ""BOX""]",ORIGINAL,2.4008469999999997,71,s6trade-b8a0652b96739ccb6268
NONE,BOX_STABLE,"[""BEAR_FOLLOW_THROUGH_FAILED""]",BROOKS_FAILED,KEY_CANDIDATE,301095,10.0,False,SUPPORT_PULLBACK,2025-09-02,90.57048,2025-09-03,84.75516,STOP,True,MARKET_STRONG,True,-595.945064,-0.06579904,s6ps-92f310712192eee3,2,15-19,15,UNKNOWN,-1.014805,S6_QUALITY_V2,s6setup-ec4268cdb3ff4d155204,15-19,19,2025-09-01,0.175326,20,20-24,84.84,10-14,10,BOTH,MULTI,"[""ORIGINAL"", ""BOX""]",ORIGINAL,4.4130840000000005,79,s6trade-3ebdf5b0a19f32ca2aa8
NONE,BOX_BREAKOUT_READY,[],BROOKS_CONTEXT_REJECT,KEY_CANDIDATE,301165,10.0,False,SUPPORT_PULLBACK,2025-09-12,88.9889,2025-10-13,81.53838,STOP_GAP,False,MARKET_STRONG,True,-759.29948,-0.08532519,s6ps-92f310712192eee3,2,15-19,15,UNKNOWN,-1.18471,S6_QUALITY_V2,s6setup-bbe02001b6d47dcd3cec,15-19,17,2025-09-11,0.170527,20,20-24,82.7,10-14,10,BOTH,MULTI,"[""ORIGINAL"", ""BOX""]",ORIGINAL,4.247446,77,s6trade-f7ecec050abd51410999
BOX_COMPACT_READY,BOX_SUPPORT_READY,"[""MICRO_DOUBLE_BOTTOM"", ""FAILED_BEAR_BREAKOUT""]",BARB_WIRE_WAIT,WATCH_CANDIDATE,301200,10.0,True,SUPPORT_PULLBACK,2025-11-14,115.58547,2025-11-19,108.97092,STOP_GAP,False,MARKET_STRONG,True,-677.128117,-0.05858246,s6ps-92f310712192eee3,3,15-19,15,UNKNOWN,-1.069369,S6_QUALITY_V2,s6setup-2e81c84853c18b705a82,15-19,15,2025-11-13,0.224556,0,00-04,109.4,10-14,10,BOTH,MULTI,"[""ORIGINAL"", ""BOX"", ""BROOKS""]",ORIGINAL,5.673102,66,s6trade-0c6a58b1f1e79dc44592
BOX_COMPACT_READY,BOX_BREAKOUT_READY,"[""FAILED_BEAR_BREAKOUT"", ""ORDERLY_COMPRESSION_AT_SUPPORT""]",FAILED_BEAR_BREAKOUT,KEY_CANDIDATE,600010,10.0,True,SUPPORT_PULLBACK,2024-11-26,1.979978,2024-11-27,1.85814,STOP,False,MARKET_NEUTRAL,True,-22.280546,-0.11252926,s6ps-92f310712192eee3,3,15-19,15,UNKNOWN,-1.015503,S6_QUALITY_V2,s6setup-c031f268ef6ca2c17f3a,15-19,18,2024-11-25,0.003838,20,20-24,1.86,05-09,8,BOTH,MULTI,"[""ORIGINAL"", ""BOX"", ""BROOKS""]",ORIGINAL,0.096745,77,s6trade-57269058fba3fb0cbfc1
BOX_COMPACT_READY,BOX_BREAKOUT_READY,"[""FAILED_BEAR_BREAKOUT"", ""ORDERLY_COMPRESSION_AT_SUPPORT""]",FAILED_BEAR_BREAKOUT,KEY_CANDIDATE,600010,10.0,True,SUPPORT_PULLBACK,2024-11-27,1.949948,2024-12-25,1.886112,MAX_HOLDING,True,MARKET_NEUTRAL,True,-16.481742,-0.08452401,s6ps-92f310712192eee3,3,15-19,15,UNKNOWN,-0.798469,S6_QUALITY_V2,s6setup-515e4ab783955582cc5d,15-19,18,2024-11-26,0.003836,20,20-24,1.87,05-09,6,BOTH,MULTI,"[""ORIGINAL"", ""BOX"", ""BROOKS""]",ORIGINAL,0.09814200000000001,76,s6trade-5ce9ef157868aee60b7c
BOX_COMPACT_READY,BOX_SUPPORT_READY,"[""MICRO_DOUBLE_BOTTOM"", ""SECOND_ENTRY_LONG_READY"", ""FAILED_BEAR_BREAKOUT"", ""ORDERLY_COMPRESSION_AT_SUPPORT""]",BROOKS_SUPPORT_READY,WATCH_CANDIDATE,600010,10.0,True,SUPPORT_PULLBACK,2025-08-13,2.51251,2025-09-10,2.42757,MAX_HOLDING,False,MARKET_STRONG,True,-18.62032,-0.07411043,s6ps-92f310712192eee3,3,15-19,15,UNKNOWN,-0.465399,S6_QUALITY_V2,s6setup-41c3cbf1abdf7751f65b,15-19,15,2025-08-12,0.00494,20,20-24,2.33,05-09,8,BOTH,MULTI,"[""ORIGINAL"", ""BOX"", ""BROOKS""]",ORIGINAL,0.12631799999999999,74,s6trade-20de6912d4793f6fb5a0
NONE,BOX_STABLE,"[""MICRO_DOUBLE_BOTTOM"", ""FAILED_BEAR_BREAKOUT""]",FAILED_BEAR_BREAKOUT,WATCH_CANDIDATE,600105,10.0,False,SUPPORT_PULLBACK,2025-06-18,8.47847,2025-06-19,8.07192,STOP,False,MARKET_STRONG,True,-51.075143,-0.06024099,s6ps-92f310712192eee3,2,15-19,15,UNKNOWN,-1.020278,S6_QUALITY_V2,s6setup-c3731ceba7c31c7b38ea,15-19,15,2025-06-17,0.01655,19,15-19,8.08,10-14,10,BOTH,MULTI,"[""ORIGINAL"", ""BOX""]",ORIGINAL,0.420146,70,s6trade-f4c2c720562c0e32b105
NONE,BOX_BREAKOUT_READY,[],BROOKS_CONTEXT_REJECT,KEY_CANDIDATE,600143,10.0,False,SUPPORT_PULLBACK,2025-03-10,12.224212,2025-03-13,11.41857,STOP,False,MARKET_STRONG,True,-91.158773,-0.07457231,s6ps-92f310712192eee3,2,15-19,15,UNKNOWN,-1.014392,S6_QUALITY_V2,s6setup-4de9f8af7c03ac882079,15-19,16,2025-03-07,0.023643,18,15-19,11.43,10-14,10,BOTH,MULTI,"[""ORIGINAL"", ""BOX""]",ORIGINAL,0.594571,75,s6trade-5fe6109443d115c4bc81
NONE,BOX_FORMING,"[""FAILED_BEAR_BREAKOUT"", ""BEAR_FOLLOW_THROUGH_FAILED""]",BROOKS_CONTEXT_REJECT,WATCH_CANDIDATE,600183,10.0,True,SUPPORT_PULLBACK,2025-02-14,29.63961,2025-03-03,27.90207,STOP,False,MARKET_NEUTRAL,False,-185.20663,-0.06248619,s6ps-92f310712192eee3,1,10-14,10,UNKNOWN,-1.016337,S6_QUALITY_V2,s6setup-cddc9fa2ae414bb11d69,15-19,19,2025-02-13,0.057542,20,20-24,27.93,05-09,5,ORIGINAL,ORIGINAL,"[""ORIGINAL""]",ORIGINAL,1.4526459999999999,67,s6trade-5d0a9cb7547217009552
BOX_COMPACT_READY,BOX_STABLE,"[""MICRO_DOUBLE_BOTTOM"", ""SECOND_ENTRY_LONG_READY"", ""FAILED_BEAR_BREAKOUT"", ""BEAR_FOLLOW_THROUGH_FAILED"", ""ORDERLY_COMPRESSION_AT_SUPPORT""]",BROOKS_SUPPORT_READY,WATCH_CANDIDATE,600208,10.0,True,SUPPORT_PULLBACK,2025-09-04,4.96496,2025-09-05,4.5954,STOP,True,MARKET_STRONG,True,-47.195331,-0.09505682,s6ps-92f310712192eee3,3,15-19,15,VCP,-1.012604,S6_QUALITY_V2,s6setup-90102600678e03aa4eb9,10-14,13,2025-09-03,0.00956,16,15-19,4.6,10-14,10,BOTH,MULTI,"[""ORIGINAL"", ""BOX"", ""BROOKS""]",ORIGINAL,0.23933000000000001,74,s6trade-15445befdf0ef124af50
BOX_COMPACT_READY,BOX_SUPPORT_READY,[],BROOKS_FAILED,WATCH_CANDIDATE,600550,10.0,True,SUPPORT_PULLBACK,2025-06-11,8.82882,2025-06-19,8.31168,STOP,False,MARKET_STRONG,True,-62.146726,-0.07039075,s6ps-92f310712192eee3,2,15-19,15,UNKNOWN,-1.016352,S6_QUALITY_V2,s6setup-b495a3465d15fcca0340,15-19,16,2025-06-10,0.017141,19,15-19,8.32,05-09,8,BOTH,MULTI,"[""ORIGINAL"", ""BOX""]",ORIGINAL,0.432725,73,s6trade-485630eabad236f0dd51
NONE,BOX_STABLE,"[""MICRO_DOUBLE_BOTTOM"", ""FAILED_BEAR_BREAKOUT"", ""BEAR_FOLLOW_THROUGH_FAILED""]",BROOKS_FAILED_BREAKOUT_READY,WATCH_CANDIDATE,600601,10.0,False,FAILED_BREAKOUT_RECLAIM,2024-11-11,4.15415,2024-11-14,3.96603,STOP,False,MARKET_STRONG,True,-29.01842,-0.06985405,s6ps-92f310712192eee3,3,15-19,15,UNKNOWN,-1.021559,S6_QUALITY_V2,s6setup-c2aab5f2f69a98a60459,15-19,16,2024-11-08,0.00812,20,20-24,3.97,05-09,5,BOTH,MULTI,"[""ORIGINAL"", ""BOX"", ""BROOKS""]",ORIGINAL,0.206422,69,s6trade-7e45e4a4704b06f3925f
NONE,BOX_BREAKOUT_READY,[],BROOKS_CONTEXT_REJECT,WATCH_CANDIDATE,600601,10.0,False,SUPPORT_PULLBACK,2025-02-12,5.37537,2025-02-14,4.98501,STOP,False,MARKET_NEUTRAL,False,-49.29561,-0.09170645,s6ps-92f310712192eee3,1,00-04,3,UNKNOWN,-1.012949,S6_QUALITY_V2,s6setup-f532cfcef1961d07d7a5,15-19,15,2025-02-11,0.01036,19,15-19,4.99,05-09,8,BOX,BOX,"[""BOX""]",BOX,0.259611,61,s6trade-5b30dbbd0f9613a67b45
NONE,BOX_FORMING,[],BROOKS_FAILED,WATCH_CANDIDATE,600825,10.0,False,SUPPORT_PULLBACK,2024-12-23,7.582575,2024-12-24,6.968025,STOP_GAP,True,MARKET_STRONG,False,-71.81795,-0.09471446,s6ps-92f310712192eee3,1,10-14,10,UNKNOWN,-1.222803,S6_QUALITY_V2,s6setup-ef480f29234cb939a9f5,15-19,15,2024-12-20,0.014551,20,20-24,7.08,10-14,10,ORIGINAL,ORIGINAL,"[""ORIGINAL""]",ORIGINAL,0.362952,70,s6trade-a2b2d7bf4afb79fb3518
BOX_COMPACT_READY,BOX_SUPPORT_READY,"[""MICRO_DOUBLE_BOTTOM"", ""SECOND_ENTRY_LONG_READY"", ""FAILED_BEAR_BREAKOUT""]",BROOKS_CONTEXT_REJECT,WATCH_CANDIDATE,600875,10.0,True,SUPPORT_PULLBACK,2025-08-12,20.14012,2025-09-02,19.34064,STOP,False,MARKET_STRONG,True,-90.954514,-0.04516086,s6ps-92f310712192eee3,2,15-19,15,UNKNOWN,-1.024817,S6_QUALITY_V2,s6setup-e0c9722e2f4a7fd1af50,10-14,11,2025-08-11,0.039481,12,10-14,19.36,05-09,6,BOTH,MULTI,"[""ORIGINAL"", ""BOX""]",ORIGINAL,1.006513,62,s6trade-6b1e6d2e36b9e5492ed1
BOX_COMPACT_READY,BOX_STABLE,"[""MICRO_DOUBLE_BOTTOM"", ""SECOND_ENTRY_LONG_READY"", ""FAILED_BEAR_BREAKOUT""]",BROOKS_CONTEXT_REJECT,WATCH_CANDIDATE,601138,10.0,True,SUPPORT_PULLBACK,2024-07-03,27.17715,2024-07-05,26.34363,STOP,False,MARKET_WEAK,True,-94.722695,-0.0348538,s6ps-92f310712192eee3,2,15-19,15,UNKNOWN,-1.032671,S6_QUALITY_V2,s6setup-e7c90a3f467ca60587d1,15-19,15,2024-07-02,0.053521,20,20-24,26.37,10-14,10,BOTH,MULTI,"[""ORIGINAL"", ""BOX""]",ORIGINAL,1.370703,78,s6trade-e064d77cfc61b7e9116e
NONE,BOX_SUPPORT_READY,"[""BEAR_FOLLOW_THROUGH_FAILED""]",BROOKS_FAILED,KEY_CANDIDATE,601162,10.0,False,SUPPORT_PULLBACK,2024-11-13,5.73573,2024-11-15,5.24475,STOP,False,MARKET_STRONG,True,-59.371218,-0.10351118,s6ps-92f310712192eee3,2,15-19,15,UNKNOWN,-1.010808,S6_QUALITY_V2,s6setup-adc07951111fdde0573e,15-19,17,2024-11-12,0.01098,20,20-24,5.25,10-14,10,BOTH,MULTI,"[""ORIGINAL"", ""BOX""]",ORIGINAL,0.273218,77,s6trade-c8d76a4f13c2d5247713
BOX_COMPACT_READY,BOX_BREAKOUT_READY,"[""MICRO_DOUBLE_BOTTOM"", ""SECOND_ENTRY_LONG_READY"", ""FAILED_BEAR_BREAKOUT"", ""ORDERLY_COMPRESSION_AT_SUPPORT""]",BROOKS_FAILED_BREAKOUT_READY,KEY_CANDIDATE,601318,10.0,True,FAILED_BREAKOUT_RECLAIM,2024-10-28,53.528475,2024-10-30,51.92802,STOP,False,MARKET_STRONG,True,-172.747362,-0.03227205,s6ps-92f310712192eee3,3,15-19,15,UNKNOWN,-1.033569,S6_QUALITY_V2,s6setup-f734cdfceb94a9b0a963,15-19,19,2024-10-25,0.105456,20,20-24,51.98,10-14,10,BOTH,MULTI,"[""ORIGINAL"", ""BOX"", ""BROOKS""]",ORIGINAL,2.7018570000000004,78,s6trade-e6f59df91cebfa799e91
NONE,BOX_SUPPORT_READY,"[""FAILED_BEAR_BREAKOUT""]",FAILED_BEAR_BREAKOUT,KEY_CANDIDATE,601606,10.0,False,SUPPORT_PULLBACK,2025-08-28,62.33227,2025-09-05,52.73721,STOP_GAP,False,MARKET_STRONG,True,-972.257937,-0.15597987,s6ps-92f310712192eee3,2,15-19,15,UNKNOWN,-2.367823,S6_QUALITY_V2,s6setup-da2acabd5c9520fdb53f,15-19,19,2025-08-27,0.115069,20,20-24,58.28,05-09,8,BOTH,MULTI,"[""ORIGINAL"", ""BOX""]",ORIGINAL,2.751929,78,s6trade-71e4b25c4e743aff0c53
NONE,BOX_STABLE,"[""MICRO_DOUBLE_BOTTOM"", ""SECOND_ENTRY_LONG_READY"", ""FAILED_BEAR_BREAKOUT"", ""BEAR_FOLLOW_THROUGH_FAILED""]",BROOKS_CONTEXT_REJECT,WATCH_CANDIDATE,601615,10.0,False,SUPPORT_PULLBACK,2024-12-16,14.45444,2024-12-17,13.85613,STOP_GAP,True,MARKET_STRONG,True,-70.552122,-0.04881,s6ps-92f310712192eee3,2,15-19,15,PLATFORM,-1.023732,S6_QUALITY_V2,s6setup-8d97ee6c589ea1ecf708,10-14,14,2024-12-13,0.028311,20,20-24,13.87,05-09,8,BOTH,MULTI,"[""ORIGINAL"", ""BOX""]",ORIGINAL,0.7211179999999999,73,s6trade-db46f5ed6fe452404559
BOX_COMPACT_READY,BOX_STABLE,"[""FAILED_BEAR_BREAKOUT""]",BROOKS_CONTEXT_REJECT,WATCH_CANDIDATE,601899,10.0,True,SUPPORT_PULLBACK,2025-11-03,30.14011,2025-11-04,29.31066,STOP,True,MARKET_STRONG,True,-94.469985,-0.03134361,s6ps-92f310712192eee3,2,15-19,15,UNKNOWN,-1.03667,S6_QUALITY_V2,s6setup-4558a4761f57a6ac7229,10-14,11,2025-10-31,0.059451,10,10-14,29.34,05-09,8,BOTH,MULTI,"[""ORIGINAL"", ""BOX""]",ORIGINAL,1.524984,62,s6trade-8f053389b0417b9f18be
NONE,BOX_SUPPORT_READY,"[""FAILED_BEAR_BREAKOUT""]",BROOKS_CONTEXT_REJECT,WATCH_CANDIDATE,603099,10.0,False,SUPPORT_PULLBACK,2024-11-25,38.91888,2024-12-13,53.29665,TARGET,False,MARKET_NEUTRAL,True,1425.019967,0.36615133,s6ps-92f310712192eee3,2,15-19,15,UNKNOWN,4.522904,S6_QUALITY_V2,s6setup-1bdf904a66cbfa505935,15-19,15,2024-11-22,0.092216,20,20-24,35.74,05-09,8,BOTH,MULTI,"[""ORIGINAL"", ""BOX""]",ORIGINAL,2.757049,74,s6trade-8da927d8f09cfec94219
NONE,BOX_STABLE,"[""FAILED_BEAR_BREAKOUT"", ""BEAR_FOLLOW_THROUGH_FAILED""]",BROOKS_CONTEXT_REJECT,KEY_CANDIDATE,603099,10.0,False,SUPPORT_PULLBACK,2024-11-26,41.43139,2024-12-16,55.67427,TARGET,False,MARKET_NEUTRAL,True,1411.407201,0.34066132,s6ps-92f310712192eee3,2,15-19,15,UNKNOWN,5.120778,S6_QUALITY_V2,s6setup-c369fccea6b46eb79a8e,15-19,19,2024-11-25,0.097106,20,20-24,38.65,10-14,10,BOTH,MULTI,"[""ORIGINAL"", ""BOX""]",ORIGINAL,2.8808190000000002,79,s6trade-4b181f38d13d0ca1f2ff
NONE,BOX_STABLE,"[""MICRO_DOUBLE_BOTTOM"", ""FAILED_BEAR_BREAKOUT""]",BROOKS_FAILED_BREAKOUT_READY,WATCH_CANDIDATE,603119,10.0,False,FAILED_BREAKOUT_RECLAIM,2025-10-09,84.138054,2025-10-10,81.07884,STOP,True,MARKET_STRONG,True,-320.140584,-0.03804944,s6ps-92f310712192eee3,3,15-19,15,UNKNOWN,-1.027253,S6_QUALITY_V2,s6setup-2374b9d39f87fc8f74cb,15-19,17,2025-09-30,0.165217,20,20-24,81.16,10-14,10,BOTH,MULTI,"[""ORIGINAL"", ""BOX"", ""BROOKS""]",ORIGINAL,4.219159,76,s6trade-019b50f95f66eb29d8d7
NONE,BOX_BREAKOUT_READY,"[""FAILED_BEAR_BREAKOUT""]",FAILED_BEAR_BREAKOUT,WATCH_CANDIDATE,603486,10.0,False,SUPPORT_PULLBACK,2025-08-13,87.63755,2025-09-10,95.81409,MAX_HOLDING,False,MARKET_STRONG,True,802.679857,0.09159086,s6ps-92f310712192eee3,2,15-19,15,UNKNOWN,2.229428,S6_QUALITY_V2,s6setup-47bc24e67bfced45806f,10-14,12,2025-08-12,0.183452,20,20-24,83.97,05-09,7,BOTH,MULTI,"[""ORIGINAL"", ""BOX""]",ORIGINAL,4.974156,67,s6trade-bf8ca28296303bdc40f8
NONE,BOX_STABLE,"[""FAILED_BEAR_BREAKOUT""]",FAILED_BEAR_BREAKOUT,WATCH_CANDIDATE,603486,10.0,False,SUPPORT_PULLBACK,2025-08-14,88.26818,2025-09-11,99.43047,MAX_HOLDING,False,MARKET_STRONG,True,1101.069811,0.12474142,s6ps-92f310712192eee3,2,15-19,15,UNKNOWN,2.633746,S6_QUALITY_V2,s6setup-470f43d1726fab973716,10-14,13,2025-08-13,0.187699,20,20-24,84.03,05-09,7,BOTH,MULTI,"[""ORIGINAL"", ""BOX""]",ORIGINAL,5.159222000000001,68,s6trade-345abcf0585cabb1dfc2
BOX_COMPACT_READY,BOX_BREAKOUT_READY,"[""MICRO_DOUBLE_BOTTOM"", ""SECOND_ENTRY_LONG_READY"", ""FAILED_BEAR_BREAKOUT""]",BROOKS_SUPPORT_READY,WATCH_CANDIDATE,603486,10.0,True,SUPPORT_PULLBACK,2025-08-25,90.26017,2025-09-04,86.88303,STOP,False,MARKET_STRONG,True,-352.235259,-0.03902444,s6ps-92f310712192eee3,3,15-19,15,UNKNOWN,-1.026433,S6_QUALITY_V2,s6setup-9b0e96c5666bd9a19e0b,10-14,12,2025-08-22,0.177143,20,20-24,86.97,05-09,8,BOTH,MULTI,"[""ORIGINAL"", ""BOX"", ""BROOKS""]",ORIGINAL,4.521294,73,s6trade-02a200820b839614aa46
NONE,BOX_STABLE,"[""FAILED_BEAR_BREAKOUT""]",BROOKS_CONTEXT_REJECT,WATCH_CANDIDATE,603501,10.0,False,SUPPORT_PULLBACK,2025-03-11,142.20206,2025-03-13,137.71215,STOP,False,MARKET_STRONG,True,-466.156555,-0.03278128,s6ps-92f310712192eee3,2,15-19,15,UNKNOWN,-1.031675,S6_QUALITY_V2,s6setup-73b4f0b831cf8dc1216c,10-14,14,2025-03-10,0.279914,20,20-24,137.85,05-09,8,BOTH,MULTI,"[""ORIGINAL"", ""BOX""]",ORIGINAL,7.165521,73,s6trade-1e50219bedd2db1f7f39
NONE,BOX_SUPPORT_READY,"[""FAILED_BEAR_BREAKOUT""]",FAILED_BEAR_BREAKOUT,WATCH_CANDIDATE,603516,10.0,False,SUPPORT_PULLBACK,2024-12-17,51.27122,2024-12-18,43.956,STOP_GAP,True,MARKET_WEAK,True,-743.815019,-0.14507457,s6ps-92f310712192eee3,2,15-19,15,UNKNOWN,-2.75919,S6_QUALITY_V2,s6setup-969ad53bd0cfbb95a565,10-14,13,2024-12-16,0.095227,20,20-24,48.62,05-09,8,BOTH,MULTI,"[""ORIGINAL"", ""BOX""]",ORIGINAL,2.293027,70,s6trade-23f858b23b75b43217ef
NONE,BOX_FORMING,[],BROOKS_FAILED,WATCH_CANDIDATE,603803,10.0,False,SUPPORT_PULLBACK,2025-02-26,12.13212,2025-02-28,11.29869,STOP,False,MARKET_STRONG,False,-93.931362,-0.0774237,s6ps-92f310712192eee3,1,10-14,10,UNKNOWN,-1.013757,S6_QUALITY_V2,s6setup-8b7719fa7327e4105290,10-14,13,2025-02-25,0.023431,18,15-19,11.31,10-14,10,ORIGINAL,ORIGINAL,"[""ORIGINAL""]",ORIGINAL,0.588366,65,s6trade-73c9761a8dbcd0c38c36
BOX_COMPACT_READY,BOX_SUPPORT_READY,"[""MICRO_DOUBLE_BOTTOM"", ""FAILED_BEAR_BREAKOUT"", ""ORDERLY_COMPRESSION_AT_SUPPORT""]",FAILED_BEAR_BREAKOUT,WATCH_CANDIDATE,603809,10.0,True,SUPPORT_PULLBACK,2025-05-27,15.09508,2025-06-05,13.99599,STOP,False,MARKET_NEUTRAL,True,-120.637887,-0.07991868,s6ps-92f310712192eee3,3,15-19,15,UNKNOWN,-1.012911,S6_QUALITY_V2,s6setup-0c5c48493352cb408045,15-19,15,2025-05-26,0.029091,20,20-24,14.01,05-09,8,BOTH,MULTI,"[""ORIGINAL"", ""BOX"", ""BROOKS""]",ORIGINAL,0.728891,74,s6trade-4102f87c704733bbbb5d
NONE,BOX_STABLE,"[""MICRO_DOUBLE_BOTTOM"", ""FAILED_BEAR_BREAKOUT""]",FAILED_BEAR_BREAKOUT,WATCH_CANDIDATE,603893,10.0,False,SUPPORT_PULLBACK,2024-11-11,89.77969,2024-11-15,86.05386,STOP,False,MARKET_STRONG,True,-387.061521,-0.04311237,s6ps-92f310712192eee3,2,15-19,15,UNKNOWN,-1.023667,S6_QUALITY_V2,s6setup-28b89b9aa2e85004ddb0,10-14,14,2024-11-08,0.175834,18,15-19,86.14,10-14,10,BOTH,MULTI,"[""ORIGINAL"", ""BOX""]",ORIGINAL,4.478527,73,s6trade-1c303776c22d919cbf9f
NONE,BOX_BREAKOUT_READY,"[""FAILED_BEAR_BREAKOUT"", ""BEAR_FOLLOW_THROUGH_FAILED""]",FAILED_BEAR_BREAKOUT,WATCH_CANDIDATE,605499,12.48441,False,SUPPORT_PULLBACK,2025-04-25,213.290077,2025-05-12,202.85694,STOP,False,MARKET_WEAK,True,-1066.357177,-0.04999563,s6ps-92f310712192eee3,2,15-19,15,UNKNOWN,-1.019849,S6_QUALITY_V2,s6setup-2b970302ad49532611b6,10-14,12,2025-04-24,0.416147,0,00-04,203.06,05-09,5,BOTH,MULTI,"[""ORIGINAL"", ""BOX""]",ORIGINAL,10.558994,53,s6trade-d9aa094b77553b459467
NONE,BOX_BREAKOUT_READY,"[""MICRO_DOUBLE_BOTTOM"", ""SECOND_ENTRY_LONG_READY"", ""FAILED_BEAR_BREAKOUT""]",BROOKS_SUPPORT_READY,WATCH_CANDIDATE,688017,10.37537,False,SUPPORT_PULLBACK,2025-10-10,179.179,2025-10-13,159.84,STOP_GAP,False,MARKET_STRONG,True,-1952.606378,-0.10897518,s6ps-92f310712192eee3,3,15-19,15,UNKNOWN,-2.118414,S6_QUALITY_V2,s6setup-9fc8b9246cea1f486934,15-19,17,2025-10-09,0.339019,19,15-19,170.05,10-14,10,BOTH,MULTI,"[""ORIGINAL"", ""BOX"", ""BROOKS""]",BROOKS,8.331019,74,s6trade-10b3be7fa7d917951fbc
NONE,BOX_SUPPORT_READY,"[""FAILED_BEAR_BREAKOUT""]",BROOKS_CONTEXT_REJECT,WATCH_CANDIDATE,688063,10.0,False,SUPPORT_PULLBACK,2025-09-17,59.007949,2025-09-30,72.94698,TARGET,False,MARKET_STRONG,True,1380.123819,0.23388778,s6ps-92f310712192eee3,2,15-19,15,UNKNOWN,5.264086,S6_QUALITY_V2,s6setup-6fd60e456ad516bcb45b,10-14,14,2025-09-16,0.131955,20,20-24,56.36,05-09,5,BOTH,MULTI,"[""ORIGINAL"", ""BOX""]",ORIGINAL,3.779304,70,s6trade-8248e503ae6cb6845e04
NONE,BOX_STABLE,"[""MICRO_DOUBLE_BOTTOM"", ""FAILED_BEAR_BREAKOUT""]",FAILED_BEAR_BREAKOUT,WATCH_CANDIDATE,688070,10.0,False,SUPPORT_PULLBACK,2025-03-19,47.9479,2025-03-21,45.87408,STOP,False,MARKET_STRONG,True,-219.769535,-0.04583507,s6ps-92f310712192eee3,2,15-19,15,UNKNOWN,-1.022644,S6_QUALITY_V2,s6setup-414023d3ba4d311ce03e,15-19,15,2025-03-18,0.093822,0,00-04,45.92,10-14,10,BOTH,MULTI,"[""ORIGINAL"", ""BOX""]",ORIGINAL,2.387526,65,s6trade-1cb8d307712f5e2eb91c
BOX_COMPACT_READY,BOX_SUPPORT_READY,"[""MICRO_DOUBLE_BOTTOM"", ""SECOND_ENTRY_LONG_READY"", ""FAILED_BEAR_BREAKOUT"", ""ORDERLY_COMPRESSION_AT_SUPPORT""]",BROOKS_SUPPORT_READY,WATCH_CANDIDATE,688113,10.0,True,SUPPORT_PULLBACK,2025-05-29,33.545512,2025-06-24,35.14482,TARGET,False,MARKET_NEUTRAL,True,148.104878,0.04415043,s6ps-92f310712192eee3,3,15-19,15,UNKNOWN,1.515196,S6_QUALITY_V2,s6setup-be6205f9367a75d16709,15-19,19,2025-05-28,0.06869,20,20-24,32.49,10-14,10,BOTH,MULTI,"[""ORIGINAL"", ""BOX"", ""BROOKS""]",ORIGINAL,1.825931,72,s6trade-cfc5711f53e6536b329b
NONE,BOX_STABLE,"[""MICRO_DOUBLE_BOTTOM"", ""SECOND_ENTRY_LONG_READY"", ""FAILED_BEAR_BREAKOUT""]",BROOKS_CONTEXT_REJECT,KEY_CANDIDATE,688116,10.0,False,SUPPORT_PULLBACK,2024-12-05,42.343301,2024-12-18,39.95001,STOP,False,MARKET_NEUTRAL,True,-251.408904,-0.05937395,s6ps-92f310712192eee3,2,15-19,15,UNKNOWN,-1.016993,S6_QUALITY_V2,s6setup-ae1919e95f7b3d37f2ad,15-19,16,2024-12-04,0.082293,20,20-24,39.99,10-14,10,BOTH,MULTI,"[""ORIGINAL"", ""BOX""]",ORIGINAL,2.079793,76,s6trade-6611e61501b6a9f6e0e7
NONE,BOX_BREAKOUT_READY,"[""FAILED_BEAR_BREAKOUT""]",FAILED_BEAR_BREAKOUT,WATCH_CANDIDATE,688117,10.0,False,SUPPORT_PULLBACK,2025-05-14,16.107091,2025-05-16,17.42256,TARGET,False,MARKET_NEUTRAL,True,120.64224,0.07490008,s6ps-92f310712192eee3,2,15-19,15,UNKNOWN,2.240656,S6_QUALITY_V2,s6setup-45220c57334d58bf17cd,10-14,13,2025-05-13,0.03353,20,20-24,15.52,05-09,5,BOTH,MULTI,"[""ORIGINAL"", ""BOX""]",ORIGINAL,0.904658,59,s6trade-8565d6a121b953e3b8e3
BOX_COMPACT_READY,BOX_STABLE,"[""MICRO_DOUBLE_BOTTOM"", ""FAILED_BEAR_BREAKOUT"", ""ORDERLY_COMPRESSION_AT_SUPPORT""]",FAILED_BEAR_BREAKOUT,WATCH_CANDIDATE,688118,10.0,True,SUPPORT_PULLBACK,2025-08-19,31.2312,2025-09-02,29.01096,STOP,False,MARKET_STRONG,True,-233.534796,-0.07477612,s6ps-92f310712192eee3,3,15-19,15,UNKNOWN,-1.013253,S6_QUALITY_V2,s6setup-5432c73552dd1d9dabb9,15-19,15,2025-08-18,0.060242,16,15-19,29.04,10-14,10,BOTH,MULTI,"[""ORIGINAL"", ""BOX"", ""BROOKS""]",ORIGINAL,1.5107899999999999,72,s6trade-94e932afb27c7a650013
NONE,BOX_BREAKOUT_READY,"[""MICRO_DOUBLE_BOTTOM"", ""SECOND_ENTRY_LONG_READY"", ""FAILED_BEAR_BREAKOUT""]",SECOND_ENTRY_LONG_READY,WATCH_CANDIDATE,688131,10.0,False,SUPPORT_PULLBACK,2025-09-29,79.5795,2025-10-13,74.31561,STOP,False,MARKET_STRONG,True,-540.2587,-0.06788918,s6ps-92f310712192eee3,2,15-19,15,UNKNOWN,-1.014335,S6_QUALITY_V2,s6setup-de8a35130200259e121c,10-14,13,2025-09-26,0.153895,20,20-24,74.39,10-14,10,BOTH,MULTI,"[""ORIGINAL"", ""BOX""]",ORIGINAL,3.8696759999999997,68,s6trade-2f07244430bc6ab64810
NONE,BOX_FORMING,[],BROOKS_FAILED,WATCH_CANDIDATE,688141,10.0,False,SUPPORT_PULLBACK,2025-09-23,50.56051,2025-10-29,52.0479,MAX_HOLDING,False,MARKET_STRONG,False,136.034013,0.02690519,s6ps-92f310712192eee3,1,10-14,10,UNKNOWN,0.548749,S6_QUALITY_V2,s6setup-1533be6620f7e49b28f6,15-19,15,2025-09-22,0.102608,19,15-19,47.85,10-14,10,ORIGINAL,ORIGINAL,"[""ORIGINAL""]",ORIGINAL,2.705003,69,s6trade-166b91c42ff7638e0bed
NONE,BOX_FORMING,"[""FAILED_BEAR_BREAKOUT""]",FAILED_BEAR_BREAKOUT,WATCH_CANDIDATE,688141,10.0,False,SUPPORT_PULLBACK,2025-10-09,58.10805,2025-10-13,52.95699,STOP_GAP,False,MARKET_STRONG,False,-527.864915,-0.09084196,s6ps-92f310712192eee3,1,10-14,10,UNKNOWN,-1.435615,S6_QUALITY_V2,s6setup-c574c8c75e7f1b14f9b7,10-14,14,2025-09-30,0.111065,19,15-19,54.52,10-14,10,ORIGINAL,ORIGINAL,"[""ORIGINAL""]",ORIGINAL,2.758914,70,s6trade-3ffec0d3d366743e4219
BOX_COMPACT_READY,BOX_BREAKOUT_READY,"[""FAILED_BEAR_BREAKOUT""]",FAILED_BEAR_BREAKOUT,WATCH_CANDIDATE,688141,10.0,True,SUPPORT_PULLBACK,2025-10-10,58.3583,2025-10-13,52.95699,STOP_GAP,False,MARKET_STRONG,True,-552.890152,-0.09474062,s6ps-92f310712192eee3,3,15-19,15,UNKNOWN,-1.575507,S6_QUALITY_V2,s6setup-a002f9a0d0eff15e47b7,10-14,13,2025-10-09,0.111315,19,15-19,54.93,10-14,10,BOTH,MULTI,"[""ORIGINAL"", ""BOX"", ""BROOKS""]",ORIGINAL,2.7591639999999997,70,s6trade-50a54dc59231ad284390
BOX_COMPACT_READY,BOX_STABLE,"[""FAILED_BEAR_BREAKOUT"", ""BEAR_FOLLOW_THROUGH_FAILED""]",FAILED_BEAR_BREAKOUT,WATCH_CANDIDATE,688166,10.0,True,SUPPORT_PULLBACK,2025-08-18,113.247134,2025-08-21,107.46243,STOP,False,MARKET_STRONG,True,-594.064228,-0.05245733,s6ps-92f310712192eee3,3,15-19,15,UNKNOWN,-1.018948,S6_QUALITY_V2,s6setup-43f97e3badd8202b13e5,10-14,12,2025-08-15,0.22071,20,20-24,107.57,05-09,5,BOTH,MULTI,"[""ORIGINAL"", ""BOX"", ""BROOKS""]",ORIGINAL,5.593832000000001,62,s6trade-9b5e61af006423769491
NONE,BOX_SUPPORT_READY,[],BROOKS_FAILED,WATCH_CANDIDATE,688171,10.0,False,SUPPORT_PULLBACK,2025-08-21,31.323292,2025-09-11,37.1628,TARGET,False,MARKET_STRONG,True,572.024173,0.18261943,s6ps-92f310712192eee3,2,15-19,15,UNKNOWN,3.936857,S6_QUALITY_V2,s6setup-31a941667c3af445228c,15-19,17,2025-08-20,0.068486,0,00-04,29.84,05-09,5,BOTH,MULTI,"[""ORIGINAL"", ""BOX""]",ORIGINAL,1.926626,61,s6trade-f40e03f091e436e7e496
BOX_COMPACT_READY,BOX_SUPPORT_READY,"[""MICRO_DOUBLE_BOTTOM"", ""SECOND_ENTRY_LONG_READY"", ""FAILED_BEAR_BREAKOUT""]",SECOND_ENTRY_LONG_READY,KEY_CANDIDATE,688178,10.0,True,SUPPORT_PULLBACK,2025-02-25,15.47546,2025-03-24,18.56142,TARGET,False,MARKET_STRONG,True,297.633889,0.19232636,s6ps-92f310712192eee3,3,15-19,15,UNKNOWN,6.105251,S6_QUALITY_V2,s6setup-ca5612e71cdc1ea95f24,15-19,18,2025-02-24,0.034037,20,20-24,14.97,05-09,5,BOTH,MULTI,"[""ORIGINAL"", ""BOX"", ""BROOKS""]",ORIGINAL,0.962108,75,s6trade-45ed39f305d0d358336b
NONE,BOX_STABLE,"[""FAILED_BEAR_BREAKOUT""]",FAILED_BEAR_BREAKOUT,WATCH_CANDIDATE,688225,10.0,False,SUPPORT_PULLBACK,2025-03-10,26.29627,2025-03-11,24.99498,STOP,False,MARKET_STRONG,True,-141.430044,-0.05378331,s6ps-92f310712192eee3,2,15-19,15,UNKNOWN,-1.019604,S6_QUALITY_V2,s6setup-6c0295ad1ca057113cb8,10-14,12,2025-03-07,0.051291,20,20-24,25.02,05-09,8,BOTH,MULTI,"[""ORIGINAL"", ""BOX""]",ORIGINAL,1.30104,71,s6trade-e42b4e3d3e2f5fad5b8b
NONE,BOX_STABLE,"[""FAILED_BEAR_BREAKOUT""]",BROOKS_CONTEXT_REJECT,WATCH_CANDIDATE,688249,10.0,False,SUPPORT_PULLBACK,2025-10-31,35.84581,2025-11-03,33.1668,STOP_GAP,True,MARKET_STRONG,True,-279.62836,-0.07800866,s6ps-92f310712192eee3,2,15-19,15,UNKNOWN,-1.303141,S6_QUALITY_V2,s6setup-8f4f7a006aabcd4114df,10-14,12,2025-10-30,0.069013,18,15-19,33.79,10-14,10,BOTH,MULTI,"[""ORIGINAL"", ""BOX""]",ORIGINAL,1.727353,71,s6trade-3130b028058aba040b38
NONE,BOX_BREAKOUT_READY,[],BROOKS_FAILED,KEY_CANDIDATE,688252,10.0,False,SUPPORT_PULLBACK,2024-11-11,24.323299,2024-11-15,23.09688,STOP,False,MARKET_STRONG,True,-133.844158,-0.05502714,s6ps-92f310712192eee3,2,15-19,15,UNKNOWN,-1.019214,S6_QUALITY_V2,s6setup-99a79916c8c7e6f3c311,15-19,16,2024-11-08,0.04742,20,20-24,23.12,10-14,10,BOTH,MULTI,"[""ORIGINAL"", ""BOX""]",ORIGINAL,1.202264,75,s6trade-c43871d66949d522ebc2
NONE,BOX_STABLE,"[""BEAR_FOLLOW_THROUGH_FAILED""]",BROOKS_CONTEXT_REJECT,WATCH_CANDIDATE,688261,10.0,False,SUPPORT_PULLBACK,2025-09-16,84.6846,2025-09-23,77.74218,STOP,False,MARKET_STRONG,False,-708.291578,-0.08363877,s6ps-92f310712192eee3,1,00-04,3,UNKNOWN,-1.011336,S6_QUALITY_V2,s6setup-eefefb1710023049dce6,10-14,11,2025-09-15,0.162427,19,15-19,77.82,10-14,10,BOX,BOX,"[""BOX""]",BOX,4.049536,60,s6trade-0b847cff264f03ccdb18
NONE,BOX_FORMING,"[""BEAR_FOLLOW_THROUGH_FAILED""]",BROOKS_CONTEXT_REJECT,WATCH_CANDIDATE,688261,10.0,False,SUPPORT_PULLBACK,2025-09-17,83.3833,2025-09-26,76.50342,STOP,False,MARKET_STRONG,False,-701.973067,-0.08418629,s6ps-92f310712192eee3,1,10-14,10,UNKNOWN,-1.011256,S6_QUALITY_V2,s6setup-457afb98aab7503e7344,10-14,12,2025-09-16,0.159887,19,15-19,76.58,10-14,10,ORIGINAL,ORIGINAL,"[""ORIGINAL""]",ORIGINAL,3.985058,68,s6trade-6ce9619d6bf5d28cdd2a
NONE,BOX_FORMING,[],COMPACT_BEARISH_REJECT,WATCH_CANDIDATE,688272,10.0,True,SUPPORT_PULLBACK,2025-03-11,30.22019,2025-03-13,29.05092,STOP,False,MARKET_STRONG,False,-128.43883,-0.042501,s6ps-92f310712192eee3,1,10-14,10,UNKNOWN,-1.025505,S6_QUALITY_V2,s6setup-fb7127c3a9b03473442b,15-19,15,2025-03-10,0.059271,19,15-19,29.08,10-14,10,ORIGINAL,ORIGINAL,"[""ORIGINAL""]",ORIGINAL,1.511817,69,s6trade-3ee307f70b0e8ce82ce8
NONE,BOX_BREAKOUT_READY,"[""FAILED_BEAR_BREAKOUT""]",FAILED_BEAR_BREAKOUT,WATCH_CANDIDATE,688382,10.0,False,SUPPORT_PULLBACK,2025-07-31,45.81577,2025-08-04,42.13782,STOP,False,MARKET_STRONG,True,-379.989857,-0.08293866,s6ps-92f310712192eee3,2,15-19,15,UNKNOWN,-1.011601,S6_QUALITY_V2,s6setup-60835cee0f3698187eeb,15-19,16,2025-07-30,0.087954,20,20-24,42.18,05-09,5,BOTH,MULTI,"[""ORIGINAL"", ""BOX""]",ORIGINAL,2.194845,71,s6trade-98c4d40d9cd98261a7af
NONE,BOX_BREAKOUT_READY,"[""MICRO_DOUBLE_BOTTOM"", ""FAILED_BEAR_BREAKOUT""]",FAILED_BEAR_BREAKOUT,WATCH_CANDIDATE,688400,10.0,False,SUPPORT_PULLBACK,2025-03-13,37.058021,2025-03-14,33.457509,STOP_GAP,True,MARKET_STRONG,True,-371.794601,-0.1003277,s6ps-92f310712192eee3,2,15-19,15,UNKNOWN,-1.458866,S6_QUALITY_V2,s6setup-e30b6543c9a4f715fb66,10-14,11,2025-03-12,0.070516,19,15-19,34.59,10-14,10,BOTH,MULTI,"[""ORIGINAL"", ""BOX""]",ORIGINAL,1.743391,70,s6trade-46a685ca6708478c8d30
NONE,BOX_SUPPORT_READY,"[""MICRO_DOUBLE_BOTTOM"", ""FAILED_BEAR_BREAKOUT""]",FAILED_BEAR_BREAKOUT,WATCH_CANDIDATE,688480,10.0,False,SUPPORT_PULLBACK,2025-10-31,51.53148,2025-11-21,47.34261,STOP,False,MARKET_STRONG,True,-431.353014,-0.0837067,s6ps-92f310712192eee3,2,15-19,15,UNKNOWN,-1.011443,S6_QUALITY_V2,s6setup-1ee9a9afea96750fe1f1,10-14,13,2025-10-30,0.098874,18,15-19,47.39,05-09,8,BOTH,MULTI,"[""ORIGINAL"", ""BOX""]",ORIGINAL,2.466005,70,s6trade-35b58397aadf071175ce
NONE,BOX_STABLE,"[""MICRO_DOUBLE_BOTTOM"", ""FAILED_BEAR_BREAKOUT"", ""BEAR_FOLLOW_THROUGH_FAILED""]",FAILED_BEAR_BREAKOUT,WATCH_CANDIDATE,688498,13.497541,False,SUPPORT_PULLBACK,2025-07-15,199.199,2025-07-31,250.71903,TARGET,False,MARKET_STRONG,True,5125.51955,0.25730649,s6ps-92f310712192eee3,2,15-19,15,UNKNOWN,4.588123,S6_QUALITY_V2,s6setup-e7988503288262c6e9da,10-14,13,2025-07-14,0.449918,18,15-19,187.97,10-14,10,BOTH,MULTI,"[""ORIGINAL"", ""BOX""]",ORIGINAL,12.98587,69,s6trade-18422e4c1b1ed0aecc60
NONE,BOX_STABLE,"[""MICRO_DOUBLE_BOTTOM"", ""FAILED_BEAR_BREAKOUT""]",BROOKS_FAILED_BREAKOUT_READY,KEY_CANDIDATE,688499,10.0,False,FAILED_BREAKOUT_RECLAIM,2025-07-16,41.041,2025-07-18,49.08087,TARGET,False,MARKET_STRONG,True,791.442852,0.192842,s6ps-92f310712192eee3,3,15-19,15,UNKNOWN,3.524713,S6_QUALITY_V2,s6setup-9425b6f1af2efec011d4,15-19,17,2025-07-15,0.090122,20,20-24,38.76,10-14,10,BOTH,MULTI,"[""ORIGINAL"", ""BOX"", ""BROOKS""]",ORIGINAL,2.544165,77,s6trade-8e56fcf3c4018514ffe3
BOX_COMPACT_READY,BOX_STABLE,"[""MICRO_DOUBLE_BOTTOM"", ""FAILED_BEAR_BREAKOUT"", ""ORDERLY_COMPRESSION_AT_SUPPORT""]",BROOKS_FAILED_BREAKOUT_READY,WATCH_CANDIDATE,688499,10.0,True,FAILED_BREAKOUT_RECLAIM,2025-07-17,39.91988,2025-07-18,48.20175,TARGET,False,MARKET_STRONG,True,815.688776,0.20433147,s6ps-92f310712192eee3,3,15-19,15,UNKNOWN,8.718859,S6_QUALITY_V2,s6setup-7df94c56685a2b5bee69,10-14,14,2025-07-16,0.088122,20,20-24,38.97,10-14,10,BOTH,MULTI,"[""ORIGINAL"", ""BOX"", ""BROOKS""]",ORIGINAL,2.4982089999999997,73,s6trade-239302e063422df49f94
NONE,BOX_BREAKOUT_READY,"[""FAILED_BEAR_BREAKOUT""]",FAILED_BEAR_BREAKOUT,WATCH_CANDIDATE,688501,10.0,False,SUPPORT_PULLBACK,2025-05-15,28.61859,2025-06-13,28.24173,MAX_HOLDING,False,MARKET_NEUTRAL,True,-49.154947,-0.01717588,s6ps-92f310712192eee3,2,15-19,15,UNKNOWN,-0.218016,S6_QUALITY_V2,s6setup-dfe520807e0db502e5f0,10-14,12,2025-05-14,0.05686,18,15-19,26.89,05-09,7,BOTH,MULTI,"[""ORIGINAL"", ""BOX""]",ORIGINAL,1.468947,69,s6trade-097d488f05d0f88da426
BOX_COMPACT_READY,BOX_BREAKOUT_READY,"[""FAILED_BEAR_BREAKOUT""]",FAILED_BEAR_BREAKOUT,WATCH_CANDIDATE,688501,10.0,True,SUPPORT_PULLBACK,2025-05-19,28.88886,2025-06-17,27.34263,STOP,False,MARKET_NEUTRAL,True,-166.04635,-0.05747764,s6ps-92f310712192eee3,3,15-19,15,UNKNOWN,-1.01802,S6_QUALITY_V2,s6setup-0f91ffcd59c0cb319b88,10-14,12,2025-05-16,0.056231,18,15-19,27.37,05-09,5,BOTH,MULTI,"[""ORIGINAL"", ""BOX"", ""BROOKS""]",ORIGINAL,1.423362,66,s6trade-9586f5f99a1d8a73cfe3
BOX_COMPACT_READY,BOX_BREAKOUT_READY,"[""FAILED_BEAR_BREAKOUT""]",FAILED_BEAR_BREAKOUT,WATCH_CANDIDATE,688501,10.0,True,SUPPORT_PULLBACK,2025-05-20,29.13911,2025-05-27,27.5724,STOP,False,MARKET_NEUTRAL,True,-168.106323,-0.05769096,s6ps-92f310712192eee3,3,15-19,15,UNKNOWN,-1.017932,S6_QUALITY_V2,s6setup-aa7d8acf4755c3e308ec,10-14,12,2025-05-19,0.056712,18,15-19,27.6,10-14,10,BOTH,MULTI,"[""ORIGINAL"", ""BOX"", ""BROOKS""]",ORIGINAL,1.435332,70,s6trade-8e5893aa777eea6bd85c
BOX_COMPACT_READY,BOX_BREAKOUT_READY,"[""FAILED_BEAR_BREAKOUT""]",FAILED_BEAR_BREAKOUT,WATCH_CANDIDATE,688501,10.0,True,SUPPORT_PULLBACK,2025-05-22,29.5295,2025-05-27,28.14183,STOP,False,MARKET_STRONG,True,-150.231774,-0.05087515,s6ps-92f310712192eee3,3,15-19,15,UNKNOWN,-1.020721,S6_QUALITY_V2,s6setup-1a854159058baa7ac0fc,10-14,12,2025-05-21,0.057671,18,15-19,28.17,05-09,8,BOTH,MULTI,"[""ORIGINAL"", ""BOX"", ""BROOKS""]",ORIGINAL,1.464763,69,s6trade-fa2c402367b723f225ca
NONE,BOX_SUPPORT_READY,"[""MICRO_DOUBLE_BOTTOM"", ""SECOND_ENTRY_LONG_READY"", ""FAILED_BEAR_BREAKOUT""]",BROOKS_CONTEXT_REJECT,KEY_CANDIDATE,688507,10.0,False,SUPPORT_PULLBACK,2025-08-22,102.22212,2025-09-03,94.82508,STOP,False,MARKET_STRONG,True,-754.64233,-0.07382378,s6ps-92f310712192eee3,2,15-19,15,UNKNOWN,-1.012999,S6_QUALITY_V2,s6setup-987937c145bed8deb782,15-19,16,2025-08-21,0.197047,19,15-19,94.92,10-14,10,BOTH,MULTI,"[""ORIGINAL"", ""BOX""]",ORIGINAL,4.938301,75,s6trade-d317188e00062bc3fcb3
BOX_COMPACT_READY,BOX_BREAKOUT_READY,"[""FAILED_BEAR_BREAKOUT""]",FAILED_BEAR_BREAKOUT,WATCH_CANDIDATE,688619,10.0,True,SUPPORT_PULLBACK,2025-08-12,15.1151,2025-08-15,18.04194,TARGET,False,MARKET_STRONG,True,281.748744,0.18640217,s6ps-92f310712192eee3,3,15-19,15,UNKNOWN,6.575691,S6_QUALITY_V2,s6setup-e1c90a5393f6e38a6a7d,10-14,14,2025-08-11,0.033157,20,20-24,14.67,05-09,7,BOTH,MULTI,"[""ORIGINAL"", ""BOX"", ""BROOKS""]",ORIGINAL,0.935254,75,s6trade-1a7f0ecb22b8fd849c83
BOX_COMPACT_READY,BOX_BREAKOUT_READY,"[""FAILED_BEAR_BREAKOUT""]",FAILED_BEAR_BREAKOUT,WATCH_CANDIDATE,688663,10.0,True,SUPPORT_PULLBACK,2025-07-29,31.6316,2025-07-30,33.62634,TARGET,False,MARKET_STRONG,True,187.727409,0.05934806,s6ps-92f310712192eee3,3,15-19,15,PLATFORM,1.810766,S6_QUALITY_V2,s6setup-21392e3a9f8d76d3f882,15-19,19,2025-07-28,0.065258,19,15-19,30.53,05-09,7,BOTH,MULTI,"[""ORIGINAL"", ""BOX"", ""BROOKS""]",ORIGINAL,1.746575,76,s6trade-8a7b9e532ae0be35bb69
